StartDate,EndDate,Status,IPAddress,Progress,Duration (in seconds),Finished,RecordedDate,ResponseId,RecipientLastName,RecipientFirstName,RecipientEmail,ExternalReference,LocationLatitude,LocationLongitude,DistributionChannel,UserLanguage,Q5,Q6,Q7,Q8,Q100,Q101,Q47_1,Q47_2,Q47_3,Q47_4,Q47_5,Q47_6,Q47_7,Q47_8,Q47_9,Q47_10,Q47_11,Q47_12,Q47_13,Q47_14,Q47_15,Q47_16,Q22_1,Q22_2,Q22_3,Q22_4,Q22_5,Q22_6,Q22_7,Q22_8,Q22_9,Q22_10,Q22_11,Q22_12,Q22_13,Q22_14,Q22_15,Q22_16,Q27,Q28,Q29,Q30,Q31,Q32,Q33,Q34,Q35,Q37,Q38,Q39,Q40,Q41,Q42,Q43,Q44,Q45,Q16,Q17,Q18,Q19,Q20,Q21,Q22,Q23,Q24,Q25,Q15,Q99
Start Date,End Date,Response Type,IP Address,Progress,Duration (in seconds),Finished,Recorded Date,Response ID,Recipient Last Name,Recipient First Name,Recipient Email,External Data Reference,Location Latitude,Location Longitude,Distribution Channel,User Language,How old are you?,What is your gender?,Are you currently in college?,Are you currently working?,"To the best of your knowledge, what was your household income throughout your adolescence?",How does your current socioeconomic status compare now?,Please answer these questions on why you engage in your job. - Because I think that work is interesting,Please answer these questions on why you engage in your job. - Because I am doing it for my own good,Please answer these questions on why you engage in your job. - Because I am supposed to work,"Please answer these questions on why you engage in your job. - There may be good reasons to work, but personally I don’t see any",Please answer these questions on why you engage in your job. - Because I think that work is pleasant,Please answer these questions on why you engage in your job. - Because I think that work is good for me,Please answer these questions on why you engage in your job. - Because it is something that I have to do,Please answer these questions on why you engage in your job. - I work but I am not sure if it is worth it,Please answer these questions on why you engage in your job. - Because work is fun,Please answer these questions on why you engage in your job. - By personal decision,Please answer these questions on why you engage in your job. - Because I don’t have any choice,Please answer these questions on why you engage in your job. - I don’t know; I don’t see what work brings me,Please answer these questions on why you engage in your job. - Because I feel good when I'm working,Please answer these questions on why you engage in your job. - Because I believe that work is important for me,Please answer these questions on why you engage in your job. - Because I feel that I have to work,"Please answer these questions on why you engage in your job. - I work, but I am not sure it is a good thing to pursue it",Please answer these questions on why you engage in your education. - Because I think that school is interesting,Please answer these questions on why you engage in your education. - Because I am doing it for my own good,Please answer these questions on why you engage in your education. - Because I am supposed to go to school,"Please answer these questions on why you engage in your education. - There may be good reasons to go to school, but personally I don’t see any",Please answer these questions on why you engage in your education. - Because I think that school is pleasant,Please answer these questions on why you engage in your education. - Because I think that education is good for me,Please answer these questions on why you engage in your education. - Because it is something that I have to do,Please answer these questions on why you engage in your education. - I attend college but I am not sure if it is worth it,Please answer these questions on why you engage in your education. - Because school is fun,Please answer these questions on why you engage in your education. - By personal decision,Please answer these questions on why you engage in your education. - Because I don’t have any choice,Please answer these questions on why you engage in your education. - I don’t know; I don’t see what education brings me,Please answer these questions on why you engage in your education. - Because I feel good when I'm in school,Please answer these questions on why you engage in your education. - Because I believe that education is important for me,Please answer these questions on why you engage in your education. - Because I feel that I have to go to school,"Please answer these questions on why you engage in your education. - I attend college, but I am not sure it is a good thing to pursue it","I have several people in my life who give me unconditional love, nonjudgmental listening, and who I know are ""there for me.""","I am involved in a school, work, faith, or other groups where I feel cared for and valued.","I treat myself with kindness and compassion, and take time to nurture myself (including eating right and getting enough sleep and exercise).",I have several people in my life who let me know they believe in my ability to succeed.,"I get the message ""You can succeed,"" at my work or school.",I believe in myself and my ability to accomplish goals most of the time.,My opinion and what I want is heard and valued in my close relationships.,My opinions and ideas are listened to and respected at my work or school.,"I provide service through volunteering to help others or a cause in my community, faith organization, or school.",I am involved in one or more positive after-work or after-school activities.,I participate in one or more groups outside of work or school.,I feel close to most people at my work or school.,"Most of my relationships with friends and family members have clear, healthy boundaries.","I experience clear, consistent expectations and rules at my work or school.","I set and maintain healthy boundaries for myself by standing up for myself and saying ""no"" when I need to.","I have good listening, honest communication, and healthy conflict resolution skills.",I have the training and skills I need to do well in school or at work.,I know how to set a goal and take the steps to achieve it.,Did a parent or other adult in the household often act in a way that made you afraid you might be physically hurt?,"Did a parent or other adult ever physically assault you and leave a bruise, a mark, or injure you?",Did an adult or person at least five years older than you ever touch or fondle you or have you touch their body in a sexual way?,Did you often feel that no one in your family loved you or thought you were important?,"Did you often feel that you didn’t have enough to eat, had to wear dirty clothes, and had no one to protect you?",Were your parents ever separated or divorced?,Was your mother or stepmother ever physically assaulted in front of you?,Did you live with anyone who abused alcohol or other substances?,"Was a household member depressed, mentally ill, or attempted suicide?",Did a household member go to prison?,What is the highest degree or level of education you have completed?,Please select which best describes your current employment situation.
"{""ImportId"":""startDate"",""timeZone"":""America/Denver""}","{""ImportId"":""endDate"",""timeZone"":""America/Denver""}","{""ImportId"":""status""}","{""ImportId"":""ipAddress""}","{""ImportId"":""progress""}","{""ImportId"":""duration""}","{""ImportId"":""finished""}","{""ImportId"":""recordedDate"",""timeZone"":""America/Denver""}","{""ImportId"":""_recordId""}","{""ImportId"":""recipientLastName""}","{""ImportId"":""recipientFirstName""}","{""ImportId"":""recipientEmail""}","{""ImportId"":""externalDataReference""}","{""ImportId"":""locationLatitude""}","{""ImportId"":""locationLongitude""}","{""ImportId"":""distributionChannel""}","{""ImportId"":""userLanguage""}","{""ImportId"":""QID5_TEXT""}","{""ImportId"":""QID6""}","{""ImportId"":""QID7""}","{""ImportId"":""QID8""}","{""ImportId"":""QID18""}","{""ImportId"":""QID19""}","{""ImportId"":""QID60_1""}","{""ImportId"":""QID60_2""}","{""ImportId"":""QID60_3""}","{""ImportId"":""QID60_4""}","{""ImportId"":""QID60_5""}","{""ImportId"":""QID60_6""}","{""ImportId"":""QID60_7""}","{""ImportId"":""QID60_8""}","{""ImportId"":""QID60_9""}","{""ImportId"":""QID60_10""}","{""ImportId"":""QID60_11""}","{""ImportId"":""QID60_12""}","{""ImportId"":""QID60_13""}","{""ImportId"":""QID60_14""}","{""ImportId"":""QID60_15""}","{""ImportId"":""QID60_16""}","{""ImportId"":""QID24_1""}","{""ImportId"":""QID24_2""}","{""ImportId"":""QID24_3""}","{""ImportId"":""QID24_4""}","{""ImportId"":""QID24_5""}","{""ImportId"":""QID24_6""}","{""ImportId"":""QID24_7""}","{""ImportId"":""QID24_8""}","{""ImportId"":""QID24_9""}","{""ImportId"":""QID24_10""}","{""ImportId"":""QID24_11""}","{""ImportId"":""QID24_12""}","{""ImportId"":""QID24_13""}","{""ImportId"":""QID24_14""}","{""ImportId"":""QID24_15""}","{""ImportId"":""QID24_16""}","{""ImportId"":""QID40""}","{""ImportId"":""QID41""}","{""ImportId"":""QID42""}","{""ImportId"":""QID43""}","{""ImportId"":""QID44""}","{""ImportId"":""QID45""}","{""ImportId"":""QID46""}","{""ImportId"":""QID47""}","{""ImportId"":""QID48""}","{""ImportId"":""QID50""}","{""ImportId"":""QID51""}","{""ImportId"":""QID52""}","{""ImportId"":""QID53""}","{""ImportId"":""QID54""}","{""ImportId"":""QID55""}","{""ImportId"":""QID56""}","{""ImportId"":""QID57""}","{""ImportId"":""QID58""}","{""ImportId"":""QID29""}","{""ImportId"":""QID30""}","{""ImportId"":""QID31""}","{""ImportId"":""QID32""}","{""ImportId"":""QID33""}","{""ImportId"":""QID34""}","{""ImportId"":""QID35""}","{""ImportId"":""QID36""}","{""ImportId"":""QID37""}","{""ImportId"":""QID38""}","{""ImportId"":""QID28""}","{""ImportId"":""QID27""}"
10/6/2020 14:18,10/6/2020 14:25,IP Address,47.17.17.128,100,431,TRUE,10/6/2020 14:25,R_0iaappzxdiWzGjD,,,,,40.94239807,-74.29519653,anonymous,EN,21,Female,Yes,Yes,"$100,000 - $149,999",About the same,,,,,,,,,,,,,,,,,5,7,5,1,3,7,5,1,4,5,2,1,5,6,6,1,,,,,,,,,,,,,,,,,,,,,,,,,,,,,,1
10/6/2020 14:22,10/6/2020 14:27,IP Address,149.151.85.152,100,264,TRUE,10/6/2020 14:27,R_1DGTaeHaLpvZKhV,,,,,40.94509888,-74.25309753,anonymous,EN,20,Female,Yes,Yes,"$15,000 - $24,999",About the same,,,,,,,,,,,,,,,,,2,4,2,7,5,3,4,5,5,4,5,4,4,5,4,5,,,,,,,,,,,,,,,,,,,,,,,,,,,,,,1
10/6/2020 14:20,10/6/2020 14:31,IP Address,68.193.116.79,100,700,TRUE,10/6/2020 14:31,R_2YxqDcAaP3x5uQl,,,,,40.94569397,-74.18260193,anonymous,EN,21,Male,Yes,Yes,"$75,000 - $99,999",More,,,,,,,,,,,,,,,,,6,6,5,1,4,6,5,2,4,5,2,1,4,6,5,4,,,,,,,,,,,,,,,,,,,,,,,,,,,,,,1
10/6/2020 16:16,10/6/2020 16:23,IP Address,67.85.228.108,100,419,TRUE,10/6/2020 16:23,R_2v16f8pKLHIlpos,,,,,40.59210205,-74.62380219,anonymous,EN,21,Female,Yes,Yes,"$50,000 - $74,999",About the same,,,,,,,,,,,,,,,,,7,7,6,1,6,6,6,1,6,6,1,1,7,7,3,1,,,,,,,,,,,,,,,,,,,,,,,,,,,,,,1
10/6/2020 16:36,10/6/2020 17:36,IP Address,73.178.19.84,100,3629,TRUE,10/6/2020 17:36,R_1hGs8TjYtTGGL1h,,,,,40.78759766,-74.05999756,anonymous,EN,21,Female,Yes,Yes,"$35,000 - $49,999",About the same,,,,,,,,,,,,,,,,,5,5,5,5,5,5,5,5,5,5,5,5,5,5,5,5,,,,,,,,,,,,,,,,,,,,,,,,,,,,,,I work full-time
10/7/2020 10:29,10/7/2020 10:34,IP Address,100.8.203.55,100,292,TRUE,10/7/2020 10:34,R_2wRczly8Au9wTZf,,,,,40.7467041,-74.05740356,anonymous,EN,21,Female,Yes,Yes,"$100,000 - $149,999",About the same,,,,,,,,,,,,,,,,,4,7,1,1,5,6,1,1,4,7,1,1,5,6,1,1,,,,,,,,,,,,,,,,,,,,,,,,,,,,,,1
10/8/2020 13:36,10/8/2020 13:40,IP Address,149.151.201.17,100,244,TRUE,10/8/2020 13:40,R_2eWNQkb1JYjx47C,,,,,40.94509888,-74.25309753,anonymous,EN,27,Female,No,Yes,"$100,000 - $149,999",More,,,,,,,,,,,,,,,,,,,,,,,,,,,,,,,,,,,,,,,,,,,,,,,,,,,,,,,,,,,,,,
10/6/2020 14:17,10/6/2020 14:19,IP Address,96.225.70.13,64,110,FALSE,10/13/2020 14:19,R_YakYcr1JTl6Jsqt,,,,,,,anonymous,EN,20,Female,Yes,Yes,"$15,000 - $24,999",Less,,,,,,,,,,,,,,,,,,,,,,,,,,,,,,,,,,,,,,,,,,,,,,,,,,,,,,,,,,,,,,
10/6/2020 15:54,10/6/2020 15:55,IP Address,174.198.220.200,57,27,FALSE,10/13/2020 15:55,R_2fEgEtaJwcLIfvT,,,,,,,anonymous,EN,21,Female,Yes,Yes,"$100,000 - $149,999",About the same,,,,,,,,,,,,,,,,,,,,,,,,,,,,,,,,,,,,,,,,,,,,,,,,,,,,,,,,,,,,,,
10/7/2020 10:34,10/7/2020 10:35,IP Address,100.8.203.55,86,64,FALSE,10/14/2020 10:35,R_33muIuyf0ZW6Dps,,,,,,,anonymous,EN,21,Female,Yes,Yes,"$100,000 - $149,999",About the same,,,,,,,,,,,,,,,,,4,4,6,3,2,4,5,7,7,6,4,6,6,5,5,5,,,,,,,,,,,,,,,,,,,,,,,,,,,,,,
10/20/2020 11:04,10/20/2020 11:12,IP Address,149.151.35.251,100,477,TRUE,10/20/2020 11:12,R_1MRRRvrf4vgd4uT,,,,,40.72650146,-74.17819977,anonymous,EN,22,Female,Yes,Yes,"$50,000 - $74,999",About the same,Neither agree nor disagree,Moderately agree,Strongly agree,Slightly agree,Slightly disagree,Slightly agree,Strongly agree,Moderately agree,Moderately disagree,Neither agree nor disagree,Slightly agree,Neither agree nor disagree,Slightly agree,Slightly agree,Moderately agree,Moderately disagree,Strongly agree,Strongly agree,Strongly agree,Moderately disagree,Moderately agree,Strongly agree,Strongly agree,Slightly disagree,Slightly agree,Strongly agree,Moderately agree,Moderately disagree,Moderately agree,Strongly agree,Slightly agree,Strongly disagree,Yes,No,Yes,Yes,Yes,Yes,Yes,Yes,No,Yes,No,Yes,Yes,Yes,Yes,Yes,Yes,Yes,No,No,No,No,No,No,No,Yes,Yes,No,Bachelor’s degree,I work part-time
10/20/2020 11:17,10/20/2020 11:21,IP Address,108.5.117.200,100,269,TRUE,10/20/2020 11:21,R_2104PwlYA99DxHp,,,,,40.65109253,-74.26000214,anonymous,EN,27,Male,No,Yes,"$100,000 - $149,999",About the same,Moderately agree,Slightly agree,Moderately agree,Moderately disagree,Neither agree nor disagree,Slightly agree,Slightly agree,Neither agree nor disagree,Neither agree nor disagree,Slightly agree,Moderately disagree,Moderately disagree,Slightly agree,Slightly agree,Slightly agree,Slightly disagree,,,,,,,,,,,,,,,,,Yes,Yes,Yes,Yes,Yes,Yes,Yes,Yes,No,Yes,Yes,No,Yes,Yes,Yes,Yes,Yes,No,No,No,No,No,No,No,No,No,No,No,Bachelor’s degree,I work full-time
10/20/2020 11:27,10/20/2020 11:30,IP Address,173.63.134.170,100,217,TRUE,10/20/2020 11:30,R_2dmOtoNIUAfs1Ya,,,,,40.88020325,-74.29199982,anonymous,EN,61,Female,No,Yes,"$25,000 - $34,999",About the same,Strongly agree,Moderately agree,Slightly agree,Strongly disagree,Moderately agree,Moderately agree,Moderately agree,Strongly disagree,Moderately agree,Neither agree nor disagree,Slightly agree,Strongly disagree,Moderately agree,Moderately agree,Moderately agree,Moderately disagree,,,,,,,,,,,,,,,,,Yes,Yes,No,Yes,Yes,Yes,Yes,Yes,Yes,Yes,Yes,Yes,Yes,Yes,Yes,Yes,Yes,Yes,No,No,No,No,No,No,No,No,No,No,"Some college credit, no degree",I work full-time
10/20/2020 11:41,10/20/2020 11:46,IP Address,69.119.127.74,100,271,TRUE,10/20/2020 11:46,R_OIugJhTbrMQbgRP,,,,,40.94509888,-74.25309753,anonymous,EN,64,Female,No,No,"$25,000 - $34,999",More,,,,,,,,,,,,,,,,,,,,,,,,,,,,,,,,,Yes,Yes,Yes,Yes,Yes,Yes,Yes,Yes,Yes,No,Yes,Yes,Yes,Yes,Yes,Yes,Yes,Yes,No,No,Yes,No,No,No,No,No,No,No,Bachelor’s degree,I am unemployed
10/20/2020 11:45,10/20/2020 11:48,IP Address,69.115.241.34,100,189,TRUE,10/20/2020 11:48,R_rjoq2A7jvV9D7Vf,,,,,40.84460449,-74.57489777,anonymous,EN,68,Male,No,No,"$50,000 - $74,999",About the same,,,,,,,,,,,,,,,,,,,,,,,,,,,,,,,,,Yes,Yes,Yes,Yes,Yes,Yes,Yes,Yes,Yes,Yes,Yes,Yes,Yes,No,Yes,Yes,Yes,Yes,Yes,Yes,No,No,No,No,No,Yes,No,No,Bachelor’s degree,I am unemployed
10/20/2020 11:45,10/20/2020 11:49,IP Address,68.196.172.35,100,239,TRUE,10/20/2020 11:49,R_2xLujNWE5a7sX1G,,,,,41.09159851,-74.37190247,anonymous,EN,26,Female,No,Yes,"$100,000 - $149,999",About the same,Strongly agree,Strongly agree,Slightly agree,Moderately disagree,Moderately agree,Moderately agree,Moderately disagree,Strongly disagree,Strongly agree,Moderately agree,Moderately disagree,Moderately disagree,Moderately agree,Moderately agree,Moderately disagree,Moderately disagree,,,,,,,,,,,,,,,,,Yes,Yes,Yes,Yes,Yes,Yes,Yes,Yes,Yes,Yes,Yes,Yes,Yes,Yes,Yes,Yes,Yes,Yes,No,No,No,No,No,Yes,No,No,No,No,Bachelor’s degree,I work full-time
10/20/2020 11:52,10/20/2020 11:58,IP Address,69.120.204.225,100,351,TRUE,10/20/2020 11:58,R_1Fy1FVXdPDfZtr3,,,,,40.92080688,-74.29949951,anonymous,EN,21,Female,Yes,No,"$75,000 - $99,999",About the same,,,,,,,,,,,,,,,,,Slightly agree,Strongly agree,Neither agree nor disagree,Moderately disagree,Slightly agree,Strongly agree,Neither agree nor disagree,Moderately agree,Neither agree nor disagree,Strongly agree,Slightly agree,Neither agree nor disagree,Slightly disagree,Slightly agree,Slightly agree,Slightly disagree,Yes,No,No,Yes,No,No,Yes,No,No,No,No,No,Yes,No,Yes,Yes,Yes,Yes,Yes,Yes,Yes,No,No,Yes,No,No,Yes,No,"Some college credit, no degree",I am unemployed due to the pandemic
10/20/2020 11:55,10/20/2020 11:59,IP Address,174.225.6.207,100,230,TRUE,10/20/2020 11:59,R_3JF6M7QuNk8MG80,,,,,40.61289978,-74.41600037,anonymous,EN,21,Male,No,Yes,"$200,000 or more",Less,Moderately agree,Moderately agree,Neither agree nor disagree,Strongly disagree,Neither agree nor disagree,Slightly agree,Slightly agree,Strongly disagree,Neither agree nor disagree,Slightly agree,Neither agree nor disagree,Strongly disagree,Slightly agree,Strongly agree,Slightly agree,Neither agree nor disagree,,,,,,,,,,,,,,,,,Yes,Yes,Yes,Yes,Yes,No,No,Yes,Yes,Yes,Yes,No,No,No,Yes,Yes,Yes,Yes,Yes,No,No,Yes,No,Yes,Yes,Yes,Yes,No,"Some college credit, no degree",I work full-time
10/20/2020 11:49,10/20/2020 12:04,IP Address,47.17.24.43,100,912,TRUE,10/20/2020 12:04,R_6Xo1bdURZfp8oIV,,,,,40.92080688,-74.29949951,anonymous,EN,22,Female,Yes,Yes,"$35,000 - $49,999",More,Moderately agree,Moderately agree,Strongly agree,Strongly disagree,Moderately agree,Moderately agree,Strongly agree,Slightly disagree,Slightly agree,Moderately agree,Strongly agree,Moderately disagree,Slightly agree,Moderately agree,Moderately agree,Strongly disagree,Moderately agree,Moderately agree,Neither agree nor disagree,Strongly disagree,Moderately agree,Strongly agree,Neither agree nor disagree,Strongly disagree,Slightly agree,Moderately agree,Strongly disagree,Strongly disagree,Moderately agree,Moderately agree,Neither agree nor disagree,Strongly disagree,Yes,Yes,Yes,Yes,Yes,Yes,Yes,Yes,No,No,No,No,Yes,Yes,Yes,Yes,Yes,Yes,No,No,No,No,No,Yes,Yes,No,Yes,No,Associate degree,I work full-time
10/20/2020 12:01,10/20/2020 12:07,IP Address,71.187.91.47,100,382,TRUE,10/20/2020 12:07,R_1dynnqb0pqwi1nw,,,,,40.92660522,-74.18180084,anonymous,EN,21,Female,Yes,Yes,"$75,000 - $99,999",About the same,Slightly disagree,Moderately agree,Moderately agree,Moderately disagree,Slightly agree,Moderately agree,Moderately agree,Moderately disagree,Slightly disagree,Moderately agree,Neither agree nor disagree,Neither agree nor disagree,Slightly agree,Slightly agree,Slightly agree,Moderately disagree,Slightly agree,Moderately agree,Slightly agree,Slightly disagree,Slightly disagree,Moderately agree,Slightly agree,Slightly agree,Moderately disagree,Slightly agree,Slightly disagree,Slightly disagree,Moderately disagree,Moderately agree,Slightly disagree,Slightly disagree,Yes,Yes,No,Yes,Yes,Yes,Yes,No,No,No,No,Yes,Yes,Yes,Yes,Yes,Yes,Yes,No,No,No,No,No,No,No,No,Yes,No,"Some college credit, no degree",I work full-time
10/20/2020 12:08,10/20/2020 12:11,IP Address,99.203.119.42,100,226,TRUE,10/20/2020 12:11,R_1rcB0AOUXhor7dN,,,,,40.71260071,-74.00659943,anonymous,EN,20,Female,Yes,No,"$25,000 - $34,999",About the same,,,,,,,,,,,,,,,,,Moderately agree,Strongly agree,Strongly agree,Moderately disagree,Slightly agree,Strongly agree,Strongly agree,Moderately agree,Neither agree nor disagree,Neither agree nor disagree,Slightly disagree,Moderately disagree,Slightly agree,Moderately agree,Strongly agree,Moderately agree,No,No,No,Yes,Yes,Yes,Yes,Yes,No,No,No,No,Yes,Yes,Yes,Yes,Yes,No,No,No,No,Yes,No,Yes,No,Yes,Yes,No,"Some college credit, no degree",I am unemployed due to the pandemic
10/20/2020 12:14,10/20/2020 12:19,IP Address,24.184.105.58,100,323,TRUE,10/20/2020 12:19,R_3EouecfyIyK1qxw,,,,,40.86169434,-74.41040039,anonymous,EN,25,Female,No,Yes,"$100,000 - $149,999",Less,Moderately agree,Strongly agree,Strongly agree,Slightly disagree,Moderately disagree,Moderately agree,Strongly agree,Strongly disagree,Moderately agree,Strongly agree,Strongly disagree,Strongly disagree,Moderately agree,Moderately agree,Strongly agree,Strongly disagree,,,,,,,,,,,,,,,,,Yes,Yes,Yes,Yes,Yes,Yes,Yes,Yes,Yes,No,No,Yes,Yes,Yes,Yes,Yes,No,Yes,No,No,No,No,No,No,No,No,No,No,Bachelor’s degree,I work full-time
10/20/2020 12:59,10/20/2020 13:04,IP Address,174.225.10.54,100,322,TRUE,10/20/2020 13:04,R_3ESWHZklVPgvfKk,,,,,40.69470215,-74.26879883,anonymous,EN,21,Female,Yes,Yes,"$100,000 - $149,999",About the same,Slightly agree,Slightly agree,Slightly agree,Strongly disagree,Slightly agree,Moderately agree,Strongly agree,Moderately disagree,Slightly agree,Slightly agree,Slightly agree,Moderately disagree,Slightly agree,Slightly disagree,Slightly agree,Slightly disagree,Moderately agree,Moderately agree,Strongly agree,Strongly disagree,Slightly agree,Strongly agree,Strongly agree,Slightly disagree,Slightly agree,Neither agree nor disagree,Slightly agree,Moderately disagree,Moderately agree,Strongly agree,Strongly agree,Moderately agree,Yes,Yes,No,Yes,Yes,No,No,Yes,Yes,Yes,Yes,Yes,Yes,Yes,No,No,Yes,No,No,No,No,No,No,No,No,No,Yes,No,Bachelor’s degree,I work part-time
10/20/2020 13:02,10/20/2020 13:06,IP Address,69.116.42.195,100,229,TRUE,10/20/2020 13:06,R_1kLACLwTlQBL7ia,,,,,40.91239929,-74.41130066,anonymous,EN,19,Female,Yes,Yes,"$200,000 or more",More,Neither agree nor disagree,Strongly agree,Strongly agree,Strongly disagree,Moderately agree,Strongly agree,Strongly agree,Strongly disagree,Neither agree nor disagree,Strongly agree,Strongly disagree,Strongly disagree,Strongly agree,Strongly agree,Strongly agree,Strongly disagree,Strongly disagree,Slightly agree,Strongly agree,Neither agree nor disagree,Strongly disagree,Strongly agree,Strongly agree,Strongly agree,Strongly disagree,Neither agree nor disagree,Moderately agree,Neither agree nor disagree,Strongly disagree,Strongly agree,Strongly agree,Strongly agree,Yes,Yes,No,Yes,No,Yes,No,No,Yes,No,No,No,Yes,No,Yes,Yes,Yes,Yes,Yes,Yes,Yes,Yes,No,Yes,Yes,Yes,Yes,No,"Some college credit, no degree",I am unemployed due to the pandemic
10/20/2020 13:04,10/20/2020 13:10,IP Address,174.252.159.116,100,322,TRUE,10/20/2020 13:10,R_1dGgwirGyMMLcH0,,,,,40.01489258,-75.14389801,anonymous,EN,30,Female,No,No,"$35,000 - $49,999",More,,,,,,,,,,,,,,,,,,,,,,,,,,,,,,,,,Yes,No,Yes,Yes,Yes,Yes,Yes,Yes,Yes,No,No,Yes,Yes,Yes,Yes,Yes,Yes,Yes,No,No,No,No,No,Yes,No,No,No,No,"Some college credit, no degree",I am unemployed
10/20/2020 13:12,10/20/2020 13:15,IP Address,47.17.20.1,100,150,TRUE,10/20/2020 13:15,R_2y3o0c21MibHzRb,,,,,41.05580139,-74.28040314,anonymous,EN,29,Female,No,No,"$200,000 or more",Less,,,,,,,,,,,,,,,,,,,,,,,,,,,,,,,,,Yes,Yes,Yes,Yes,Yes,Yes,Yes,Yes,Yes,Yes,Yes,Yes,Yes,Yes,Yes,Yes,Yes,Yes,No,No,No,No,No,No,No,No,No,No,Bachelor’s degree,I am unemployed
10/20/2020 13:16,10/20/2020 13:22,IP Address,69.120.201.192,100,332,TRUE,10/20/2020 13:22,R_tG4Gj36ASo22Ipz,,,,,41.03039551,-74.23310089,anonymous,EN,23,Female,No,No,"$150,000 - $199,999",About the same,,,,,,,,,,,,,,,,,,,,,,,,,,,,,,,,,Yes,Yes,Yes,Yes,Yes,Yes,No,Yes,Yes,Yes,Yes,Yes,Yes,Yes,Yes,Yes,Yes,Yes,Yes,Yes,Yes,Yes,No,No,No,Yes,Yes,No,Bachelor’s degree,I am unemployed due to the pandemic
10/20/2020 13:18,10/20/2020 13:25,IP Address,69.121.198.66,100,425,TRUE,10/20/2020 13:25,R_3HY6w8mTxgpFhQO,,,,,40.91239929,-74.41130066,anonymous,EN,48,Male,No,Yes,"$35,000 - $49,999",More,Strongly agree,Strongly agree,Moderately agree,Strongly disagree,Moderately agree,Strongly agree,Slightly agree,Strongly disagree,Strongly agree,Strongly agree,Strongly disagree,Strongly disagree,Moderately agree,Moderately agree,Moderately agree,Strongly disagree,,,,,,,,,,,,,,,,,Yes,Yes,Yes,Yes,Yes,Yes,Yes,Yes,Yes,Yes,Yes,Yes,Yes,Yes,Yes,Yes,Yes,Yes,No,No,No,Yes,No,Yes,No,No,No,No,Bachelor’s degree,I work full-time
10/20/2020 13:17,10/20/2020 13:26,IP Address,174.225.0.138,100,547,TRUE,10/20/2020 13:26,R_1PUbYHz2qClA6Xn,,,,,40.80220032,-74.19139862,anonymous,EN,39,Female,No,Yes,"$50,000 - $74,999",More,Slightly agree,Moderately agree,Moderately agree,Strongly disagree,Slightly disagree,Strongly agree,Moderately agree,Slightly disagree,Moderately agree,Moderately agree,Slightly disagree,Strongly disagree,Moderately agree,Strongly agree,Moderately agree,Moderately disagree,,,,,,,,,,,,,,,,,Yes,Yes,Yes,Yes,No,Yes,Yes,Yes,Yes,Yes,Yes,Yes,Yes,No,Yes,Yes,Yes,Yes,No,No,No,No,No,Yes,No,No,No,No,Associate degree,I work full-time
10/20/2020 13:41,10/20/2020 13:48,IP Address,68.192.248.14,100,405,TRUE,10/20/2020 13:48,R_1jTbPQKpUKFouEZ,,,,,40.94509888,-74.25309753,anonymous,EN,22,Female,Yes,No,"$50,000 - $74,999",About the same,,,,,,,,,,,,,,,,,Neither agree nor disagree,Strongly agree,Strongly agree,Strongly disagree,Neither agree nor disagree,Strongly agree,Strongly agree,Strongly disagree,Moderately disagree,Moderately agree,Moderately agree,Moderately disagree,Neither agree nor disagree,Strongly agree,Strongly agree,Strongly disagree,Yes,No,No,No,No,No,No,Yes,No,No,No,No,Yes,Yes,Yes,No,Yes,Yes,No,No,No,No,No,Yes,No,No,No,No,Bachelor’s degree,I am unemployed
10/20/2020 13:50,10/20/2020 13:57,IP Address,173.88.209.56,100,389,TRUE,10/20/2020 13:57,R_TvdRw7J9a1gyZb3,,,,,40.7960968,-81.37989807,anonymous,EN,25,Male,No,Yes,"$100,000 - $149,999",Less,Strongly agree,Moderately agree,Slightly agree,Strongly disagree,Neither agree nor disagree,Strongly agree,Slightly agree,Moderately disagree,Slightly agree,Slightly agree,Moderately disagree,Neither agree nor disagree,Moderately agree,Moderately agree,Moderately agree,Strongly disagree,,,,,,,,,,,,,,,,,Yes,No,Yes,Yes,Yes,Yes,Yes,Yes,No,Yes,Yes,Yes,Yes,Yes,Yes,Yes,Yes,Yes,No,Yes,No,No,No,Yes,No,No,No,No,"High school graduate, diploma or the equivalent (for example: GED)",I work full-time
10/20/2020 13:51,10/20/2020 13:57,IP Address,174.225.132.250,100,373,TRUE,10/20/2020 13:57,R_24ACYjoRS5dy3GF,,,,,40.79240417,-74.00959778,anonymous,EN,23,Female,Yes,Yes,"$35,000 - $49,999",About the same,Moderately agree,Strongly agree,Slightly agree,Strongly disagree,Strongly agree,Strongly agree,Slightly agree,Strongly disagree,Strongly agree,Strongly agree,Slightly disagree,Strongly disagree,Strongly agree,Strongly agree,Slightly disagree,Strongly disagree,Moderately agree,Strongly agree,Neither agree nor disagree,Strongly disagree,Moderately agree,Strongly agree,Moderately disagree,Strongly disagree,Slightly agree,Strongly agree,Strongly disagree,Strongly disagree,Moderately agree,Strongly agree,Strongly disagree,Strongly disagree,Yes,Yes,Yes,Yes,Yes,Yes,Yes,Yes,Yes,Yes,Yes,Yes,Yes,Yes,Yes,Yes,Yes,Yes,No,No,No,No,No,No,No,No,No,No,Bachelor’s degree,I work full-time
10/20/2020 13:57,10/20/2020 14:01,IP Address,172.58.228.11,100,231,TRUE,10/20/2020 14:01,R_PNifmp8RBK2KZ7r,,,,,40.85470581,-73.92179871,anonymous,EN,21,Female,Yes,No,"$100,000 - $149,999",About the same,,,,,,,,,,,,,,,,,Slightly disagree,Strongly agree,Strongly agree,Slightly disagree,Neither agree nor disagree,Strongly agree,Strongly agree,Moderately agree,Neither agree nor disagree,Neither agree nor disagree,Moderately agree,Slightly disagree,Slightly agree,Strongly agree,Strongly agree,Neither agree nor disagree,Yes,Yes,Yes,Yes,Yes,Yes,Yes,Yes,No,No,No,No,Yes,Yes,No,Yes,Yes,No,No,No,No,No,No,No,No,No,No,No,"Some college credit, no degree",I work part-time
10/20/2020 14:27,10/20/2020 14:33,IP Address,76.124.92.3,100,347,TRUE,10/20/2020 14:33,R_1HbNjAnkerzKKzt,,,,,39.70069885,-75.74189758,anonymous,EN,26,Male,Yes,Yes,"$35,000 - $49,999",Less,Slightly agree,Neither agree nor disagree,Moderately agree,Strongly disagree,Moderately disagree,Slightly agree,Moderately agree,Neither agree nor disagree,Slightly agree,Slightly disagree,Strongly agree,Moderately disagree,Neither agree nor disagree,Neither agree nor disagree,Moderately agree,Strongly disagree,Strongly disagree,Slightly agree,Neither agree nor disagree,Moderately disagree,Slightly agree,Strongly agree,Strongly agree,Moderately disagree,Moderately agree,Strongly agree,Strongly disagree,Strongly disagree,Neither agree nor disagree,Strongly agree,Strongly disagree,Strongly disagree,Yes,Yes,Yes,Yes,Yes,Yes,Yes,Yes,No,Yes,No,Yes,Yes,Yes,Yes,No,Yes,Yes,No,No,No,No,No,Yes,No,No,No,Yes,Master’s degree,I work part-time
10/20/2020 14:47,10/20/2020 14:53,IP Address,174.225.14.151,100,357,TRUE,10/20/2020 14:53,R_1LS7eEGMsNdjc2V,,,,,40.69979858,-74.31909943,anonymous,EN,55,Female,No,Yes,"$15,000 - $24,999",More,Moderately agree,Strongly agree,Neither agree nor disagree,Strongly disagree,Strongly agree,Strongly agree,Moderately agree,Strongly disagree,Moderately agree,Moderately agree,Moderately disagree,Strongly disagree,Strongly agree,Strongly agree,Moderately agree,Strongly disagree,,,,,,,,,,,,,,,,,Yes,Yes,No,Yes,Yes,Yes,Yes,Yes,Yes,Yes,Yes,Yes,No,No,No,Yes,Yes,Yes,Yes,No,Yes,No,No,Yes,Yes,Yes,Yes,Yes,Bachelor’s degree,I work full-time
10/20/2020 14:55,10/20/2020 14:59,IP Address,80.112.129.106,100,247,TRUE,10/20/2020 14:59,R_3rOsC5g0YhkSoaR,,,,,52.30949402,4.877304077,anonymous,EN,20,Female,Yes,No,"$35,000 - $49,999",About the same,,,,,,,,,,,,,,,,,Strongly agree,Strongly agree,Strongly agree,Strongly disagree,Strongly agree,Moderately agree,Slightly agree,Strongly disagree,Strongly agree,Neither agree nor disagree,Strongly disagree,Strongly disagree,Moderately agree,Strongly agree,Slightly disagree,Strongly disagree,Yes,Yes,Yes,Yes,No,Yes,Yes,Yes,Yes,Yes,Yes,Yes,Yes,Yes,Yes,Yes,Yes,Yes,No,No,No,No,No,No,No,No,No,No,Master’s degree,I am unemployed
10/20/2020 15:08,10/20/2020 15:13,IP Address,174.226.132.59,100,262,TRUE,10/20/2020 15:13,R_2rP0WRRJLgWWC8j,,,,,38.01319885,-78.03469849,anonymous,EN,67,Female,No,No,"$35,000 - $49,999",More,,,,,,,,,,,,,,,,,,,,,,,,,,,,,,,,,Yes,Yes,Yes,Yes,Yes,Yes,Yes,Yes,Yes,No,No,Yes,Yes,Yes,Yes,Yes,Yes,Yes,No,No,No,Yes,No,No,No,No,No,No,"Some college credit, no degree",I am unemployed
10/20/2020 15:34,10/20/2020 15:45,IP Address,24.228.68.9,100,684,TRUE,10/20/2020 15:45,R_3D6nIfst3V9LCxD,,,,,41.01280212,-74.33380127,anonymous,EN,53,Male,No,Yes,"$35,000 - $49,999",More,Moderately agree,Strongly agree,Slightly agree,Moderately disagree,Slightly agree,Moderately agree,Moderately agree,Strongly disagree,Slightly agree,Moderately agree,Strongly agree,Slightly disagree,Slightly agree,Slightly agree,Strongly agree,Moderately disagree,,,,,,,,,,,,,,,,,Yes,Yes,No,Yes,Yes,Yes,Yes,Yes,Yes,Yes,Yes,Yes,Yes,Yes,Yes,Yes,Yes,Yes,No,No,No,No,No,No,No,No,No,No,Bachelor’s degree,I work full-time
10/20/2020 15:45,10/20/2020 15:51,IP Address,69.120.198.184,100,358,TRUE,10/20/2020 15:51,R_32JGMbGQLeSw4ZG,,,,,40.99310303,-74.30879974,anonymous,EN,24,Female,No,Yes,"$50,000 - $74,999",About the same,Strongly agree,Strongly agree,Slightly agree,Strongly disagree,Moderately agree,Slightly agree,Neither agree nor disagree,Slightly disagree,Strongly agree,Strongly agree,Slightly disagree,Moderately disagree,Moderately agree,Strongly agree,Slightly disagree,Strongly disagree,,,,,,,,,,,,,,,,,Yes,Yes,Yes,Yes,No,Yes,Yes,Yes,No,No,No,No,Yes,No,Yes,Yes,Yes,Yes,No,No,No,No,No,No,No,No,Yes,No,"Some college credit, no degree",I work full-time
10/20/2020 16:26,10/20/2020 16:32,IP Address,24.185.54.162,100,325,TRUE,10/20/2020 16:32,R_3kFIkAAHj7e7QeZ,,,,,40.92080688,-74.29949951,anonymous,EN,20,Female,Yes,Yes,"$75,000 - $99,999",More,Slightly disagree,Neither agree nor disagree,Moderately agree,Moderately disagree,Moderately agree,Neither agree nor disagree,Moderately agree,Moderately disagree,Slightly disagree,Moderately agree,Slightly disagree,Slightly disagree,Moderately disagree,Slightly agree,Slightly agree,Moderately disagree,Moderately agree,Strongly agree,Moderately agree,Strongly disagree,Moderately agree,Strongly agree,Slightly agree,Strongly disagree,Slightly agree,Strongly agree,Strongly disagree,Strongly disagree,Moderately agree,Strongly agree,Strongly disagree,Strongly disagree,Yes,Yes,No,Yes,Yes,Yes,Yes,No,Yes,No,No,No,No,Yes,No,Yes,No,Yes,Yes,No,No,No,No,Yes,Yes,No,No,No,"Some college credit, no degree",I work part-time
10/20/2020 18:23,10/20/2020 18:34,IP Address,99.203.55.200,100,681,TRUE,10/20/2020 18:34,R_2e3XIQbJFIGIyxV,,,,,40.84939575,-73.9016037,anonymous,EN,37,Female,No,Yes,"$50,000 - $74,999",About the same,Strongly agree,Strongly agree,Strongly agree,Strongly disagree,Slightly disagree,Strongly agree,Strongly agree,Strongly disagree,Neither agree nor disagree,Strongly agree,Strongly agree,Strongly disagree,Strongly agree,Strongly agree,Strongly agree,Strongly disagree,,,,,,,,,,,,,,,,,Yes,Yes,Yes,Yes,No,Yes,Yes,Yes,No,No,No,Yes,Yes,Yes,Yes,Yes,Yes,Yes,No,No,No,No,No,Yes,No,Yes,Yes,Yes,"Some college credit, no degree",I work full-time
10/20/2020 19:41,10/20/2020 19:47,IP Address,74.90.209.52,100,358,TRUE,10/20/2020 19:47,R_sooApDsFrO2RYRP,,,,,40.90679932,-74.3615036,anonymous,EN,30,Female,Yes,Yes,"$75,000 - $99,999",Less,Slightly agree,Strongly agree,Strongly agree,Moderately agree,Moderately agree,Slightly agree,Strongly agree,Strongly agree,Strongly agree,Strongly agree,Strongly agree,Slightly agree,Slightly agree,Strongly agree,Strongly agree,Neither agree nor disagree,Moderately agree,Strongly agree,Neither agree nor disagree,Slightly disagree,Slightly agree,Slightly agree,Slightly agree,Moderately agree,Moderately agree,Moderately agree,Strongly agree,Neither agree nor disagree,Moderately agree,Moderately agree,Slightly disagree,Moderately agree,No,No,No,No,No,Yes,No,Yes,No,No,No,Yes,Yes,Yes,Yes,Yes,Yes,No,No,No,No,Yes,No,No,No,Yes,No,No,Associate degree,I work full-time
10/20/2020 19:45,10/20/2020 19:55,IP Address,69.120.194.222,100,631,TRUE,10/20/2020 19:55,R_2y0YFA8oLXYt6RW,,,,,40.94569397,-74.18260193,anonymous,EN,23,Female,No,Yes,"Under $15,000",More,Moderately agree,Moderately agree,Strongly agree,Strongly disagree,Slightly agree,Moderately agree,Strongly agree,Slightly agree,Neither agree nor disagree,Moderately agree,Slightly agree,Strongly disagree,Moderately agree,Slightly agree,Moderately agree,Slightly agree,,,,,,,,,,,,,,,,,Yes,Yes,No,Yes,Yes,No,Yes,Yes,No,Yes,No,Yes,Yes,Yes,No,Yes,No,No,Yes,Yes,Yes,Yes,No,No,No,Yes,Yes,No,Bachelor’s degree,I work full-time
10/20/2020 19:51,10/20/2020 19:56,IP Address,67.80.112.32,100,307,TRUE,10/20/2020 19:56,R_2XajZftnZ4NYIVn,,,,,40.94509888,-74.25309753,anonymous,EN,64,Female,No,Yes,"Under $15,000",More,Moderately agree,Moderately agree,Slightly agree,Moderately disagree,Neither agree nor disagree,Neither agree nor disagree,Strongly agree,Slightly agree,Slightly disagree,Moderately agree,Moderately agree,Neither agree nor disagree,Neither agree nor disagree,Slightly agree,Moderately agree,Slightly agree,,,,,,,,,,,,,,,,,Yes,Yes,Yes,Yes,No,Yes,Yes,Yes,Yes,Yes,Yes,No,Yes,No,Yes,Yes,Yes,Yes,No,Yes,No,No,No,No,No,No,No,No,Master’s degree,I work full-time
10/20/2020 19:56,10/20/2020 20:00,IP Address,108.53.225.175,100,223,TRUE,10/20/2020 20:00,R_5akB2r2I3pJ2JCF,,,,,40.852005,-74.28420258,anonymous,EN,54,Male,No,Yes,"$50,000 - $74,999",More,Strongly agree,Moderately agree,Strongly agree,Strongly disagree,Strongly agree,Strongly agree,Strongly agree,Strongly disagree,Strongly agree,Strongly agree,Slightly agree,Strongly disagree,Strongly agree,Strongly agree,Moderately agree,Strongly disagree,,,,,,,,,,,,,,,,,Yes,Yes,Yes,Yes,Yes,Yes,No,Yes,Yes,Yes,Yes,Yes,Yes,Yes,Yes,Yes,Yes,Yes,No,No,No,No,No,No,No,No,No,No,Doctorate degree,I work full-time
10/20/2020 20:06,10/20/2020 20:09,IP Address,24.185.50.131,100,205,TRUE,10/20/2020 20:09,R_1Nbqc7t5kdjWGuA,,,,,40.206604,-74.0727005,anonymous,EN,20,Female,Yes,Yes,"$200,000 or more",About the same,Neither agree nor disagree,Strongly agree,Strongly agree,Strongly disagree,Moderately agree,Strongly agree,Strongly agree,Strongly disagree,Slightly agree,Strongly agree,Neither agree nor disagree,Strongly disagree,Strongly agree,Strongly agree,Strongly agree,Strongly disagree,Moderately agree,Strongly agree,Strongly agree,Strongly disagree,Strongly agree,Strongly agree,Strongly agree,Strongly disagree,Moderately agree,Strongly agree,Strongly agree,Strongly disagree,Strongly agree,Strongly agree,Strongly agree,Strongly disagree,Yes,No,Yes,Yes,Yes,Yes,Yes,Yes,Yes,Yes,Yes,Yes,Yes,Yes,No,Yes,Yes,Yes,No,No,No,No,No,No,No,No,No,No,"High school graduate, diploma or the equivalent (for example: GED)",I work part-time
10/20/2020 20:05,10/20/2020 20:09,IP Address,208.125.11.94,100,234,TRUE,10/20/2020 20:09,R_eKwBxLEEnFjAGgV,,,,,40.75469971,-73.96140289,anonymous,EN,22,Female,Yes,No,"$200,000 or more",About the same,,,,,,,,,,,,,,,,,Slightly agree,Moderately agree,Strongly agree,Slightly agree,Slightly agree,Moderately agree,Slightly agree,Strongly agree,Slightly agree,Slightly agree,Moderately disagree,Neither agree nor disagree,Slightly agree,Slightly agree,Strongly agree,Slightly agree,Yes,Yes,Yes,Yes,Yes,Yes,Yes,Yes,Yes,Yes,Yes,Yes,Yes,Yes,Yes,Yes,Yes,Yes,Yes,Yes,No,Yes,No,Yes,Yes,Yes,Yes,No,Master’s degree,I work part-time
10/20/2020 20:04,10/20/2020 20:11,IP Address,69.127.87.197,100,366,TRUE,10/20/2020 20:11,R_xbyz0aTYHX6uj9D,,,,,40.92080688,-74.29949951,anonymous,EN,23,Male,No,Yes,"$75,000 - $99,999",About the same,Slightly disagree,Slightly agree,Neither agree nor disagree,Slightly agree,Neither agree nor disagree,Slightly agree,Slightly agree,Moderately agree,Neither agree nor disagree,Strongly agree,Neither agree nor disagree,Slightly disagree,Moderately agree,Moderately agree,Slightly agree,Neither agree nor disagree,,,,,,,,,,,,,,,,,Yes,Yes,Yes,Yes,Yes,Yes,Yes,Yes,No,Yes,Yes,Yes,Yes,Yes,Yes,Yes,Yes,Yes,Yes,Yes,No,Yes,No,No,No,No,No,No,Bachelor’s degree,I work part-time
10/20/2020 20:09,10/20/2020 20:15,IP Address,69.127.85.200,100,343,TRUE,10/20/2020 20:15,R_3kuNU5AJR0yoiuE,,,,,40.94239807,-74.29519653,anonymous,EN,58,Female,No,Yes,"$100,000 - $149,999",More,Moderately agree,Moderately agree,Strongly disagree,Strongly disagree,Moderately agree,Moderately agree,Strongly agree,Strongly disagree,Slightly agree,Neither agree nor disagree,Slightly disagree,Moderately disagree,Slightly agree,Neither agree nor disagree,Moderately agree,Moderately disagree,,,,,,,,,,,,,,,,,Yes,Yes,Yes,Yes,Yes,Yes,Yes,Yes,No,No,Yes,Yes,Yes,Yes,Yes,Yes,Yes,Yes,No,Yes,Yes,No,No,Yes,No,No,No,No,"High school graduate, diploma or the equivalent (for example: GED)",I work full-time
10/20/2020 20:12,10/20/2020 20:18,IP Address,73.226.0.96,100,398,TRUE,10/20/2020 20:18,R_vwzSsN9nfTRqdm9,,,,,40.08810425,-74.11949921,anonymous,EN,66,Female,No,Yes,"$100,000 - $149,999",More,Strongly agree,Strongly agree,Strongly agree,Strongly disagree,Strongly agree,Strongly agree,Slightly agree,Strongly disagree,Strongly agree,Strongly agree,Strongly agree,Strongly disagree,Strongly agree,Strongly agree,Slightly agree,Strongly disagree,,,,,,,,,,,,,,,,,Yes,Yes,Yes,Yes,Yes,Yes,Yes,Yes,No,Yes,Yes,Yes,Yes,Yes,Yes,Yes,Yes,Yes,No,No,No,No,No,No,No,Yes,Yes,No,"Some college credit, no degree",I work full-time
10/20/2020 20:13,10/20/2020 20:20,IP Address,174.225.10.215,100,453,TRUE,10/20/2020 20:20,R_1pz0rkhxNi4WP3I,,,,,40.69470215,-74.26879883,anonymous,EN,33,Male,No,Yes,"$75,000 - $99,999",About the same,Moderately agree,Moderately agree,Strongly agree,Moderately disagree,Slightly agree,Moderately agree,Strongly agree,Neither agree nor disagree,Moderately disagree,Strongly agree,Neither agree nor disagree,Slightly disagree,Moderately agree,Moderately agree,Strongly agree,Moderately disagree,,,,,,,,,,,,,,,,,Yes,Yes,No,Yes,Yes,Yes,Yes,Yes,Yes,Yes,Yes,Yes,Yes,Yes,Yes,Yes,Yes,No,No,No,No,No,No,No,No,No,No,No,Master’s degree,I work full-time
10/20/2020 20:32,10/20/2020 20:42,IP Address,24.248.26.202,100,629,TRUE,10/20/2020 20:42,R_3lFghQ4lpDaZHO9,,,,,37.2671051,-76.72540283,anonymous,EN,24,Female,No,Yes,"$15,000 - $24,999",About the same,Neither agree nor disagree,Slightly agree,Moderately agree,Neither agree nor disagree,Neither agree nor disagree,Slightly agree,Moderately agree,Neither agree nor disagree,Slightly agree,Slightly agree,Strongly agree,Slightly disagree,Slightly agree,Slightly agree,Slightly agree,Slightly agree,,,,,,,,,,,,,,,,,Yes,Yes,No,Yes,Yes,Yes,Yes,Yes,Yes,Yes,Yes,Yes,Yes,Yes,Yes,No,Yes,Yes,No,No,No,No,No,No,No,No,No,No,"High school graduate, diploma or the equivalent (for example: GED)",I work full-time
10/20/2020 21:09,10/20/2020 21:15,IP Address,96.235.180.205,100,372,TRUE,10/20/2020 21:15,R_wXmGlEQoBUslgsh,,,,,40.39019775,-74.77100372,anonymous,EN,23,Female,Yes,Yes,"$75,000 - $99,999",More,Slightly disagree,Slightly agree,Slightly agree,Moderately disagree,Slightly agree,Slightly agree,Slightly agree,Moderately disagree,Slightly agree,Moderately agree,Slightly disagree,Moderately disagree,Slightly agree,Neither agree nor disagree,Neither agree nor disagree,Moderately disagree,Slightly agree,Strongly agree,Moderately agree,Moderately disagree,Neither agree nor disagree,Strongly agree,Slightly agree,Slightly agree,Slightly agree,Strongly disagree,Slightly agree,Strongly disagree,Neither agree nor disagree,Strongly agree,Slightly agree,Moderately disagree,Yes,Yes,No,Yes,Yes,Yes,Yes,Yes,No,No,Yes,No,Yes,Yes,No,Yes,Yes,Yes,No,No,No,No,No,Yes,No,No,No,No,Associate degree,I work part-time
10/20/2020 22:13,10/20/2020 22:20,IP Address,172.58.238.212,100,418,TRUE,10/20/2020 22:20,R_3GpTIOUiIH7X56s,,,,,40.72380066,-74.22930145,anonymous,EN,53,Female,No,Yes,"$50,000 - $74,999",More,Moderately agree,Strongly agree,Moderately agree,Strongly disagree,Neither agree nor disagree,Moderately agree,Strongly agree,Slightly disagree,Neither agree nor disagree,Slightly disagree,Slightly agree,Moderately disagree,Neither agree nor disagree,Slightly agree,Moderately agree,Slightly disagree,,,,,,,,,,,,,,,,,Yes,Yes,No,Yes,Yes,Yes,Yes,Yes,Yes,No,No,Yes,Yes,Yes,Yes,Yes,Yes,Yes,No,No,Yes,No,No,No,No,No,No,No,"Some college credit, no degree",I work full-time
10/21/2020 4:16,10/21/2020 4:20,IP Address,47.17.24.203,100,232,TRUE,10/21/2020 4:20,R_2OMtUNVEP44pyef,,,,,40.92080688,-74.29949951,anonymous,EN,32,Female,No,No,"$100,000 - $149,999",More,,,,,,,,,,,,,,,,,,,,,,,,,,,,,,,,,Yes,Yes,No,Yes,Yes,Yes,Yes,Yes,Yes,Yes,Yes,No,No,No,No,Yes,Yes,Yes,Yes,Yes,No,Yes,No,No,No,Yes,Yes,Yes,Associate degree,I work full-time
10/21/2020 4:34,10/21/2020 4:41,IP Address,24.47.89.66,100,424,TRUE,10/21/2020 4:41,R_3MJzgR8I0J4O6Z7,,,,,40.84460449,-74.57489777,anonymous,EN,27,Female,No,Yes,"$50,000 - $74,999",About the same,Neither agree nor disagree,Slightly agree,Strongly agree,Neither agree nor disagree,Neither agree nor disagree,Neither agree nor disagree,Strongly agree,Neither agree nor disagree,Slightly disagree,Slightly disagree,Moderately agree,Neither agree nor disagree,Slightly disagree,Neither agree nor disagree,Moderately agree,Slightly disagree,,,,,,,,,,,,,,,,,Yes,Yes,Yes,Yes,Yes,No,Yes,Yes,Yes,Yes,Yes,Yes,No,No,No,Yes,No,Yes,No,No,No,No,No,No,No,No,Yes,No,Bachelor’s degree,I work full-time
10/21/2020 5:17,10/21/2020 5:23,IP Address,24.189.158.187,100,403,TRUE,10/21/2020 5:23,R_2X4LZmIvzqYL43S,,,,,40.91070557,-74.58409882,anonymous,EN,21,Female,No,Yes,"$25,000 - $34,999",About the same,Slightly disagree,Strongly agree,Strongly agree,Moderately agree,Neither agree nor disagree,Slightly disagree,Strongly agree,Strongly agree,Strongly disagree,Slightly agree,Strongly agree,Slightly disagree,Moderately disagree,Neither agree nor disagree,Strongly agree,Moderately agree,,,,,,,,,,,,,,,,,Yes,No,Yes,Yes,Yes,Yes,Yes,Yes,No,No,No,No,Yes,Yes,Yes,Yes,Yes,Yes,Yes,No,No,No,No,Yes,No,Yes,No,No,"High school graduate, diploma or the equivalent (for example: GED)",I work full-time
10/21/2020 5:24,10/21/2020 5:30,IP Address,73.129.45.202,100,383,TRUE,10/21/2020 5:30,R_2zIs84mmtmdKW0c,,,,,39.04760742,-76.49410248,anonymous,EN,50,Female,No,Yes,"$75,000 - $99,999",About the same,Slightly agree,Strongly agree,Strongly agree,Strongly disagree,Neither agree nor disagree,Strongly agree,Strongly agree,Strongly disagree,Slightly disagree,Strongly agree,Slightly agree,Strongly disagree,Strongly agree,Strongly agree,Strongly agree,Strongly disagree,,,,,,,,,,,,,,,,,Yes,Yes,Yes,Yes,No,Yes,Yes,Yes,Yes,No,Yes,Yes,Yes,Yes,Yes,Yes,Yes,Yes,No,No,Yes,No,No,No,No,No,No,No,Bachelor’s degree,I work part-time
10/21/2020 5:41,10/21/2020 5:46,IP Address,174.225.0.115,100,297,TRUE,10/21/2020 5:46,R_3KpU8JNEl5qckMc,,,,,40.80220032,-74.19139862,anonymous,EN,22,Female,Yes,Yes,"$50,000 - $74,999",About the same,Slightly disagree,Strongly agree,Strongly agree,Moderately disagree,Slightly agree,Strongly agree,Strongly agree,Slightly agree,Moderately agree,Slightly agree,Moderately agree,Moderately disagree,Slightly agree,Moderately agree,Strongly agree,Strongly disagree,Moderately agree,Strongly agree,Slightly agree,Moderately disagree,Slightly agree,Moderately agree,Slightly disagree,Slightly agree,Neither agree nor disagree,Strongly agree,Strongly disagree,Strongly disagree,Neither agree nor disagree,Strongly agree,Strongly disagree,Strongly disagree,Yes,Yes,Yes,Yes,Yes,Yes,Yes,Yes,Yes,Yes,Yes,Yes,Yes,Yes,Yes,Yes,Yes,Yes,No,No,No,No,No,No,No,No,Yes,No,"Some college credit, no degree",I work part-time
10/21/2020 5:52,10/21/2020 5:55,IP Address,74.89.121.64,100,209,TRUE,10/21/2020 5:55,R_2Rb5ONX58yIW5IO,,,,,40.94509888,-74.25309753,anonymous,EN,68,Female,No,No,"$25,000 - $34,999",More,,,,,,,,,,,,,,,,,,,,,,,,,,,,,,,,,Yes,Yes,Yes,Yes,Yes,Yes,Yes,Yes,Yes,Yes,Yes,Yes,Yes,Yes,Yes,Yes,Yes,Yes,No,No,No,No,No,No,No,No,No,No,Bachelor’s degree,I am unemployed
10/21/2020 5:55,10/21/2020 6:03,IP Address,69.124.102.77,100,465,TRUE,10/21/2020 6:03,R_2By5NjV8bfsVj6a,,,,,40.96549988,-74.3015976,anonymous,EN,55,Female,No,Yes,"$35,000 - $49,999",More,Neither agree nor disagree,Strongly disagree,Strongly disagree,Slightly disagree,Neither agree nor disagree,Slightly agree,Strongly agree,Neither agree nor disagree,Strongly disagree,Neither agree nor disagree,Strongly agree,Neither agree nor disagree,Neither agree nor disagree,Strongly agree,Strongly agree,Strongly disagree,,,,,,,,,,,,,,,,,Yes,Yes,Yes,Yes,Yes,Yes,Yes,Yes,Yes,Yes,Yes,No,Yes,Yes,Yes,Yes,Yes,Yes,No,No,No,No,No,Yes,No,No,Yes,No,Trade/technical/vocational training,I work full-time
10/21/2020 6:30,10/21/2020 6:37,IP Address,69.121.17.175,100,393,TRUE,10/21/2020 6:37,R_AjnhIYkPTuPyZk5,,,,,40.96549988,-74.3015976,anonymous,EN,44,Female,No,Yes,"$100,000 - $149,999",About the same,Moderately agree,Strongly agree,Strongly agree,Strongly disagree,Slightly disagree,Strongly agree,Strongly agree,Moderately disagree,Slightly agree,Moderately agree,Strongly agree,Strongly disagree,Strongly agree,Strongly agree,Moderately agree,Neither agree nor disagree,,,,,,,,,,,,,,,,,Yes,Yes,Yes,Yes,Yes,Yes,Yes,Yes,Yes,Yes,Yes,Yes,Yes,Yes,Yes,Yes,Yes,Yes,No,No,No,No,No,Yes,No,No,No,No,Bachelor’s degree,I work full-time
10/21/2020 7:04,10/21/2020 7:07,IP Address,69.126.201.243,100,202,TRUE,10/21/2020 7:07,R_2AGBTvXLm7eFW7L,,,,,40.94509888,-74.25309753,anonymous,EN,43,Female,No,No,"$150,000 - $199,999",Less,,,,,,,,,,,,,,,,,,,,,,,,,,,,,,,,,Yes,Yes,Yes,Yes,Yes,Yes,Yes,Yes,No,No,No,Yes,Yes,Yes,Yes,Yes,Yes,Yes,No,No,No,No,No,No,No,No,No,No,"Some college credit, no degree",I am unemployed due to the pandemic
10/20/2020 14:30,10/21/2020 8:28,IP Address,174.225.12.13,100,64641,TRUE,10/21/2020 8:28,R_z6AMG6G4xSVFIVH,,,,,40.63679504,-74.37270355,anonymous,EN,28,Male,Yes,Yes,"Under $15,000",More,Moderately agree,Slightly agree,Strongly agree,Moderately disagree,Slightly agree,Strongly agree,Moderately agree,Strongly disagree,Slightly agree,Neither agree nor disagree,Strongly agree,Strongly disagree,Slightly agree,Moderately agree,Moderately agree,Moderately disagree,Moderately agree,Strongly agree,Moderately agree,Slightly disagree,Slightly disagree,Strongly agree,Moderately agree,Slightly disagree,Slightly agree,Moderately agree,Moderately agree,Strongly disagree,Slightly agree,Strongly agree,Slightly agree,Moderately disagree,Yes,No,No,Yes,Yes,No,Yes,Yes,No,No,No,No,Yes,Yes,Yes,No,Yes,No,No,No,No,No,No,No,No,No,Yes,No,Associate degree,I work part-time
10/21/2020 8:38,10/21/2020 8:48,IP Address,71.187.62.95,100,578,TRUE,10/21/2020 8:48,R_3MrJqVg2ohKslhn,,,,,41.00689697,-74.04260254,anonymous,EN,24,Male,Yes,Yes,"$75,000 - $99,999",About the same,Neither agree nor disagree,Slightly agree,Strongly agree,Strongly disagree,Strongly disagree,Moderately disagree,Moderately agree,Moderately disagree,Slightly agree,Strongly agree,Slightly agree,Strongly disagree,Moderately agree,Moderately agree,Moderately agree,Moderately disagree,Moderately agree,Strongly agree,Strongly agree,Moderately disagree,Slightly agree,Strongly agree,Strongly agree,Moderately disagree,Slightly agree,Moderately agree,Slightly agree,Strongly disagree,Moderately agree,Strongly agree,Strongly agree,Strongly disagree,Yes,Yes,No,Yes,Yes,Yes,Yes,Yes,Yes,No,No,Yes,Yes,Yes,Yes,Yes,No,Yes,Yes,Yes,No,No,No,Yes,No,Yes,No,No,"High school graduate, diploma or the equivalent (for example: GED)",I work part-time
10/21/2020 9:57,10/21/2020 10:21,IP Address,174.225.12.149,100,1460,TRUE,10/21/2020 10:21,R_dcelPv6WZZBXWH7,,,,,40.63679504,-74.37270355,anonymous,EN,31,Male,Yes,Yes,"$50,000 - $74,999",More,Moderately agree,Slightly agree,Strongly agree,Slightly agree,Neither agree nor disagree,Moderately agree,Strongly agree,Neither agree nor disagree,Slightly agree,Moderately agree,Strongly agree,Neither agree nor disagree,Slightly agree,Moderately agree,Strongly agree,Moderately disagree,Neither agree nor disagree,Moderately agree,Moderately agree,Slightly disagree,Moderately disagree,Moderately agree,Moderately agree,Neither agree nor disagree,Moderately disagree,Moderately agree,Slightly disagree,Slightly disagree,Neither agree nor disagree,Strongly agree,Moderately agree,Moderately disagree,Yes,Yes,No,Yes,Yes,Yes,Yes,Yes,No,No,Yes,No,Yes,Yes,No,Yes,Yes,Yes,No,No,No,No,No,No,No,No,Yes,No,Bachelor’s degree,I work full-time
10/21/2020 11:29,10/21/2020 11:33,IP Address,174.198.218.155,100,250,TRUE,10/21/2020 11:33,R_2fCHX74XvA6LWwp,,,,,39.90769958,-75.08470154,anonymous,EN,22,Female,No,Yes,"Under $15,000",About the same,Slightly agree,Moderately agree,Moderately agree,Moderately disagree,Slightly agree,Slightly agree,Slightly agree,Slightly agree,Strongly agree,Moderately agree,Moderately disagree,Strongly disagree,Moderately agree,Moderately agree,Strongly agree,Strongly agree,,,,,,,,,,,,,,,,,Yes,Yes,No,Yes,Yes,No,Yes,No,Yes,Yes,Yes,Yes,No,Yes,Yes,Yes,Yes,Yes,Yes,Yes,No,Yes,Yes,Yes,Yes,Yes,Yes,Yes,Bachelor’s degree,I work part-time
10/21/2020 16:09,10/21/2020 16:12,IP Address,99.203.118.212,100,174,TRUE,10/21/2020 16:12,R_3DhIo8awhMHiqbM,,,,,40.71260071,-74.00659943,anonymous,EN,21,Female,Yes,No,"$35,000 - $49,999",About the same,,,,,,,,,,,,,,,,,Neither agree nor disagree,Slightly agree,Moderately agree,Slightly agree,Slightly disagree,Slightly agree,Moderately agree,Slightly agree,Slightly disagree,Neither agree nor disagree,Neither agree nor disagree,Neither agree nor disagree,Neither agree nor disagree,Neither agree nor disagree,Slightly agree,Slightly agree,Yes,No,No,Yes,No,Yes,Yes,No,Yes,No,No,No,Yes,Yes,No,Yes,Yes,Yes,No,No,No,No,No,No,No,No,Yes,No,"Some college credit, no degree",I am unemployed due to the pandemic
10/21/2020 17:47,10/21/2020 17:50,IP Address,68.196.30.96,100,183,TRUE,10/21/2020 17:50,R_BDM4VAu7fRdD053,,,,,40.98640442,-74.11119843,anonymous,EN,22,Male,Yes,No,"$150,000 - $199,999",About the same,,,,,,,,,,,,,,,,,Strongly agree,Strongly agree,Slightly agree,Strongly disagree,Moderately agree,Strongly agree,Moderately agree,Slightly disagree,Moderately agree,Strongly agree,Neither agree nor disagree,Strongly disagree,Strongly agree,Strongly agree,Moderately agree,Moderately disagree,Yes,Yes,Yes,Yes,Yes,Yes,Yes,Yes,No,Yes,Yes,No,Yes,Yes,Yes,Yes,Yes,Yes,No,Yes,No,No,No,No,No,No,No,No,"High school graduate, diploma or the equivalent (for example: GED)",I am unemployed
10/21/2020 19:02,10/21/2020 19:07,IP Address,68.193.245.142,100,325,TRUE,10/21/2020 19:07,R_xfnqFcY06SBPIhH,,,,,40.99879456,-74.42610168,anonymous,EN,61,Female,No,Yes,"$50,000 - $74,999",About the same,Slightly agree,Slightly agree,Slightly agree,Strongly disagree,Strongly agree,Strongly agree,Strongly agree,Slightly disagree,Moderately agree,Strongly agree,Slightly agree,Strongly disagree,Strongly agree,Strongly agree,Strongly agree,Moderately disagree,,,,,,,,,,,,,,,,,Yes,Yes,Yes,Yes,Yes,Yes,Yes,Yes,Yes,No,No,No,No,Yes,Yes,Yes,No,No,Yes,No,No,No,No,No,No,No,No,No,"High school graduate, diploma or the equivalent (for example: GED)",I work part-time
10/22/2020 16:47,10/22/2020 16:52,IP Address,76.19.3.37,100,309,TRUE,10/22/2020 16:52,R_tVTHtzvhBZG2vCh,,,,,41.36250305,-72.04489899,anonymous,EN,21,Male,No,Yes,"$50,000 - $74,999",About the same,Slightly agree,Moderately agree,Slightly agree,Strongly disagree,Slightly agree,Moderately agree,Strongly agree,Strongly disagree,Slightly agree,Strongly agree,Neither agree nor disagree,Strongly disagree,Slightly agree,Moderately agree,Moderately agree,Moderately disagree,,,,,,,,,,,,,,,,,Yes,Yes,No,Yes,No,Yes,Yes,Yes,No,No,No,Yes,Yes,No,Yes,Yes,Yes,Yes,No,No,No,No,No,Yes,Yes,No,No,No,"High school graduate, diploma or the equivalent (for example: GED)",I work full-time
10/23/2020 17:25,10/23/2020 17:35,IP Address,24.228.79.154,100,550,TRUE,10/23/2020 17:35,R_ZzbtMwrwGaS4UBr,,,,,41.01049805,-74.20739746,anonymous,EN,70,Female,No,Yes,"$75,000 - $99,999",About the same,Strongly disagree,Neither agree nor disagree,Strongly agree,Strongly agree,Moderately disagree,Moderately disagree,Neither agree nor disagree,Strongly agree,Neither agree nor disagree,Strongly disagree,Strongly agree,Strongly agree,Moderately disagree,Moderately disagree,Neither agree nor disagree,Strongly agree,,,,,,,,,,,,,,,,,Yes,Yes,Yes,Yes,Yes,Yes,Yes,Yes,Yes,Yes,Yes,Yes,Yes,Yes,Yes,No,Yes,Yes,No,No,No,No,No,No,No,Yes,No,No,Professional degree,I work full-time
10/26/2020 20:23,10/26/2020 20:27,IP Address,69.120.198.184,100,246,TRUE,10/26/2020 20:27,R_3HoUgpTvPgdbbfB,,,,,40.99310303,-74.30879974,anonymous,EN,21,Male,No,Yes,"$50,000 - $74,999",About the same,Slightly agree,Slightly agree,Moderately agree,Moderately agree,Moderately disagree,Moderately disagree,Moderately agree,Moderately agree,Slightly agree,Slightly disagree,Slightly disagree,Moderately disagree,Slightly disagree,Slightly disagree,Moderately agree,Slightly agree,,,,,,,,,,,,,,,,,Yes,No,No,No,Yes,No,No,Yes,No,No,No,No,No,No,No,No,Yes,No,Yes,Yes,No,Yes,No,Yes,No,No,Yes,No,Trade/technical/vocational training,I work full-time
10/20/2020 11:04,10/20/2020 11:06,IP Address,107.77.223.141,20,101,FALSE,10/27/2020 11:07,R_2dyHtUV814YCJgp,,,,,,,anonymous,EN,50,Female,No,Yes,"$25,000 - $34,999",More,,,,,,,,,,,,,,,,,,,,,,,,,,,,,,,,,,,,,,,,,,,,,,,,,,,,,,,,,,,,,,
10/20/2020 11:24,10/20/2020 11:26,IP Address,73.197.194.235,20,144,FALSE,10/27/2020 11:26,R_XsJsb2OT723Z3cR,,,,,,,anonymous,EN,25,Female,No,Yes,"$50,000 - $74,999",More,,,,,,,,,,,,,,,,,,,,,,,,,,,,,,,,,,,,,,,,,,,,,,,,,,,,,,,,,,,,,,
10/20/2020 11:28,10/20/2020 11:28,IP Address,174.225.131.11,20,31,FALSE,10/27/2020 11:29,R_31RziEgBfAsq0sP,,,,,,,anonymous,EN,23,Male,Yes,Yes,"$100,000 - $149,999",About the same,,,,,,,,,,,,,,,,,,,,,,,,,,,,,,,,,,,,,,,,,,,,,,,,,,,,,,,,,,,,,,
10/20/2020 11:35,10/20/2020 11:37,IP Address,24.184.54.242,24,87,FALSE,10/27/2020 11:37,R_3m94BxK8TuuLlXV,,,,,,,anonymous,EN,60,Female,No,No,"$200,000 or more",About the same,,,,,,,,,,,,,,,,,,,,,,,,,,,,,,,,,,,,,,,,,,,,,,,,,,,,,,,,,,,,,Bachelor’s degree,I am unemployed
10/20/2020 11:38,10/20/2020 11:45,IP Address,172.58.239.46,66,405,FALSE,10/27/2020 11:46,R_3LiPTwNVYofvRiY,,,,,,,anonymous,EN,66,Female,No,Yes,"$100,000 - $149,999",More,,,,,,,,,,,,,,,,,,,,,,,,,,,,,,,,,Yes,Yes,Yes,Yes,Yes,Yes,Yes,Yes,Yes,Yes,Yes,Yes,No,Yes,Yes,Yes,Yes,Yes,,,,,,,,,,,,
10/20/2020 11:50,10/20/2020 11:52,IP Address,130.156.101.248,95,155,FALSE,10/27/2020 11:53,R_u35RSmYb63LsDpn,,,,,,,anonymous,EN,21,Female,Yes,Yes,"$15,000 - $24,999",About the same,,,,,,,,,,,,,,,,,,,,,,,,,,,,,,,,,Yes,Yes,No,Yes,Yes,Yes,Yes,Yes,No,Yes,No,Yes,Yes,Yes,Yes,No,Yes,Yes,No,No,No,No,No,Yes,No,No,Yes,No,"High school graduate, diploma or the equivalent (for example: GED)",I work part-time
10/20/2020 12:22,10/20/2020 12:23,IP Address,66.153.223.41,24,42,FALSE,10/27/2020 12:23,R_AiVYrPLShL9DMgp,,,,,,,anonymous,EN,20,Female,No,Yes,"$100,000 - $149,999",More,,,,,,,,,,,,,,,,,,,,,,,,,,,,,,,,,,,,,,,,,,,,,,,,,,,,,,,,,,,,,"Some college credit, no degree",I work full-time
10/20/2020 12:59,10/20/2020 13:04,IP Address,174.225.12.191,95,338,FALSE,10/27/2020 13:04,R_2Qu1HdAubVFcPe5,,,,,,,anonymous,EN,28,Female,No,Yes,"$100,000 - $149,999",Less,,,,,,,,,,,,,,,,,,,,,,,,,,,,,,,,,Yes,No,No,No,No,No,Yes,Yes,No,No,No,No,Yes,Yes,Yes,Yes,Yes,No,No,No,No,No,No,No,No,Yes,Yes,No,Bachelor’s degree,I work full-time
10/20/2020 13:11,10/20/2020 13:12,IP Address,24.228.78.239,15,16,FALSE,10/27/2020 13:12,R_PASqSNIh4Byj04h,,,,,,,anonymous,EN,23,Female,No,Yes,,,,,,,,,,,,,,,,,,,,,,,,,,,,,,,,,,,,,,,,,,,,,,,,,,,,,,,,,,,,,,,,
10/20/2020 13:42,10/20/2020 13:42,IP Address,174.50.225.13,15,26,FALSE,10/27/2020 13:42,R_2AGCkoOfwG1FqTH,,,,,,,anonymous,EN,56,Female,No,No,,,,,,,,,,,,,,,,,,,,,,,,,,,,,,,,,,,,,,,,,,,,,,,,,,,,,,,,,,,,,,,,
10/20/2020 13:53,10/20/2020 13:54,IP Address,162.245.131.129,20,57,FALSE,10/27/2020 13:54,R_1i8RhxWBxmvfpRO,,,,,,,anonymous,EN,22,Female,No,No,"$100,000 - $149,999",Less,,,,,,,,,,,,,,,,,,,,,,,,,,,,,,,,,,,,,,,,,,,,,,,,,,,,,,,,,,,,,,
10/20/2020 15:29,10/20/2020 15:29,IP Address,130.156.101.248,20,23,FALSE,10/27/2020 15:29,R_3r1VxO6hwiVgcAV,,,,,,,anonymous,EN,21,Female,Yes,Yes,"$15,000 - $24,999",About the same,,,,,,,,,,,,,,,,,,,,,,,,,,,,,,,,,,,,,,,,,,,,,,,,,,,,,,,,,,,,,,
10/20/2020 15:36,10/20/2020 15:37,IP Address,99.203.119.111,24,37,FALSE,10/27/2020 15:37,R_1NyLxq3l6YygW2L,,,,,,,anonymous,EN,22,Female,Yes,Yes,"$25,000 - $34,999",About the same,,,,,,,,,,,,,,,,,,,,,,,,,,,,,,,,,,,,,,,,,,,,,,,,,,,,,,,,,,,,,Trade/technical/vocational training,I work part-time
10/20/2020 16:02,10/20/2020 16:02,IP Address,128.230.164.197,17,17,FALSE,10/27/2020 16:03,R_2rpUSE9cN6r1U9i,,,,,,,anonymous,EN,21,Female,Yes,Yes,"Under $15,000",,,,,,,,,,,,,,,,,,,,,,,,,,,,,,,,,,,,,,,,,,,,,,,,,,,,,,,,,,,,,,,
10/20/2020 16:45,10/20/2020 16:48,IP Address,24.47.80.62,54,196,FALSE,10/27/2020 16:48,R_1QE2z6JvS0KVtDV,,,,,,,anonymous,EN,57,Female,No,Yes,"$50,000 - $74,999",Less,Strongly agree,Neither agree nor disagree,Strongly agree,Strongly disagree,Strongly agree,Strongly agree,Neither agree nor disagree,Strongly disagree,Strongly agree,Strongly agree,Slightly agree,Strongly disagree,Strongly agree,Strongly agree,Moderately agree,Moderately disagree,,,,,,,,,,,,,,,,,,,,,,,,,,,,,,,,,,,Yes,Yes,Yes,Yes,Yes,Yes,Yes,Yes,Yes,No,Bachelor’s degree,I work part-time
10/20/2020 18:15,10/20/2020 18:17,IP Address,69.120.199.26,63,127,FALSE,10/27/2020 18:18,R_20ZLqEGHJYjwPWN,,,,,,,anonymous,EN,20,Female,Yes,Yes,"$75,000 - $99,999",About the same,,,,,,,,,,,,,,,,,,,,,,,,,,,,,,,,,Yes,Yes,Yes,Yes,Yes,Yes,Yes,Yes,Yes,Yes,Yes,Yes,Yes,Yes,Yes,Yes,Yes,Yes,,,,,,,,,,,,
10/20/2020 20:06,10/20/2020 20:06,IP Address,108.5.16.74,15,26,FALSE,10/27/2020 20:07,R_2yft0SZWI4yYJ2u,,,,,,,anonymous,EN,27,Male,No,Yes,,,,,,,,,,,,,,,,,,,,,,,,,,,,,,,,,,,,,,,,,,,,,,,,,,,,,,,,,,,,,,,,
10/20/2020 20:09,10/20/2020 20:10,IP Address,24.228.0.142,20,41,FALSE,10/27/2020 20:10,R_3KSKZCY48Mje68R,,,,,,,anonymous,EN,24,Female,Yes,Yes,"$150,000 - $199,999",About the same,,,,,,,,,,,,,,,,,,,,,,,,,,,,,,,,,,,,,,,,,,,,,,,,,,,,,,,,,,,,,,
10/20/2020 20:46,10/20/2020 20:53,IP Address,134.228.71.133,17,404,FALSE,10/27/2020 20:54,R_oXHAqcD4qREO0nf,,,,,,,anonymous,EN,27,Male,No,Yes,"$100,000 - $149,999",,,,,,,,,,,,,,,,,,,,,,,,,,,,,,,,,,,,,,,,,,,,,,,,,,,,,,,,,,,,,,,
10/20/2020 20:57,10/20/2020 20:59,IP Address,73.193.250.202,15,101,FALSE,10/27/2020 21:00,R_1kOEqgGyoQcqlH9,,,,,,,anonymous,EN,52,Female,No,Yes,,,,,,,,,,,,,,,,,,,,,,,,,,,,,,,,,,,,,,,,,,,,,,,,,,,,,,,,,,,,,,,,
10/21/2020 5:30,10/21/2020 5:32,IP Address,69.121.47.243,56,169,FALSE,10/28/2020 5:33,R_6LqVFvSTGL0n0xb,,,,,,,anonymous,EN,26,Female,No,Yes,"$35,000 - $49,999",About the same,Slightly agree,Slightly agree,Strongly agree,Strongly disagree,Slightly agree,Strongly agree,Slightly agree,Moderately disagree,Moderately disagree,Strongly agree,Strongly agree,Strongly disagree,Strongly agree,Strongly agree,Strongly agree,Strongly disagree,,,,,,,,,,,,,,,,,,,,,,,,,,,,,,,,,,,No,No,No,Yes,Yes,Yes,No,No,Yes,No,Bachelor’s degree,I work full-time
10/21/2020 9:45,10/21/2020 9:51,IP Address,107.77.224.93,24,349,FALSE,10/28/2020 9:51,R_3nqmmjYlOxCtIGs,,,,,,,anonymous,EN,23,Male,No,Yes,"$200,000 or more",About the same,,,,,,,,,,,,,,,,,,,,,,,,,,,,,,,,,,,,,,,,,,,,,,,,,,,,,,,,,,,,,Bachelor’s degree,I work part-time
10/28/2020 10:35,10/28/2020 10:40,IP Address,69.206.208.92,100,313,TRUE,10/28/2020 10:40,R_XsPrRKxKB45ruw1,,,,,41.45350647,-74.47740173,anonymous,EN,20,Male,Yes,Yes,"$100,000 - $149,999",Less,Moderately agree,Moderately agree,Neither agree nor disagree,Moderately disagree,Moderately agree,Moderately agree,Slightly agree,Moderately disagree,Slightly agree,Moderately agree,Slightly disagree,Moderately disagree,Slightly agree,Slightly agree,Slightly agree,Moderately disagree,Slightly agree,Slightly agree,Slightly agree,Slightly disagree,Neither agree nor disagree,Slightly agree,Slightly agree,Slightly agree,Neither agree nor disagree,Slightly agree,Slightly disagree,Moderately disagree,Neither agree nor disagree,Slightly agree,Neither agree nor disagree,Neither agree nor disagree,Yes,No,Yes,Yes,Yes,Yes,Yes,Yes,No,No,No,No,Yes,Yes,Yes,Yes,Yes,Yes,Yes,Yes,No,No,No,Yes,No,Yes,Yes,No,"Some college credit, no degree",I work part-time
10/28/2020 10:43,10/28/2020 10:49,IP Address,69.123.16.56,100,334,TRUE,10/28/2020 10:49,R_ub5S5ct03b64OoV,,,,,41.09159851,-74.37190247,anonymous,EN,31,Female,No,Yes,"$50,000 - $74,999",About the same,Strongly agree,Slightly agree,Slightly agree,Strongly disagree,Slightly agree,Slightly agree,Slightly agree,Strongly disagree,Slightly agree,Moderately agree,Strongly disagree,Strongly disagree,Moderately agree,Strongly agree,Slightly agree,Strongly disagree,,,,,,,,,,,,,,,,,Yes,Yes,No,Yes,Yes,Yes,Yes,Yes,No,Yes,Yes,Yes,No,Yes,No,No,Yes,Yes,No,No,No,Yes,No,No,No,No,No,No,Master’s degree,I work full-time
10/28/2020 11:03,10/28/2020 11:08,IP Address,108.35.187.111,100,285,TRUE,10/28/2020 11:08,R_tX3bTHovhbaE0zT,,,,,40.78729248,-74.32109833,anonymous,EN,22,Female,Yes,Yes,"$15,000 - $24,999",Less,Strongly agree,Strongly agree,Slightly agree,Slightly agree,Slightly agree,Strongly agree,Strongly agree,Strongly disagree,Neither agree nor disagree,Strongly agree,Slightly agree,Slightly disagree,Neither agree nor disagree,Strongly agree,Strongly agree,Strongly disagree,Strongly agree,Strongly agree,Strongly agree,Strongly disagree,Neither agree nor disagree,Strongly agree,Strongly agree,Strongly disagree,Moderately agree,Strongly agree,Strongly disagree,Strongly disagree,Moderately agree,Strongly agree,Slightly agree,Strongly disagree,Yes,Yes,Yes,Yes,Yes,Yes,Yes,No,No,No,No,Yes,Yes,Yes,Yes,Yes,Yes,Yes,No,No,No,No,No,No,No,No,No,No,Bachelor’s degree,I work part-time
10/21/2020 12:21,10/21/2020 12:22,IP Address,73.178.19.84,24,62,FALSE,10/28/2020 12:22,R_3ENn08gzbK7b5SZ,,,,,,,anonymous,EN,21,Female,Yes,Yes,"$50,000 - $74,999",About the same,,,,,,,,,,,,,,,,,,,,,,,,,,,,,,,,,,,,,,,,,,,,,,,,,,,,,,,,,,,,,"Some high school, no diploma",I work part-time
10/28/2020 13:30,10/28/2020 13:33,IP Address,98.221.100.226,100,180,TRUE,10/28/2020 13:33,R_1gp6y10ZDIFFZps,,,,,40.8125,-74.21340179,anonymous,EN,21,Female,Yes,No,"$35,000 - $49,999",About the same,,,,,,,,,,,,,,,,,Strongly agree,Strongly agree,Slightly agree,Strongly disagree,Slightly agree,Strongly agree,Strongly agree,Strongly disagree,Strongly disagree,Strongly agree,Strongly disagree,Strongly disagree,Moderately agree,Strongly agree,Strongly agree,Strongly disagree,Yes,No,No,Yes,Yes,Yes,Yes,Yes,Yes,Yes,No,No,Yes,Yes,Yes,Yes,Yes,Yes,Yes,No,Yes,No,No,Yes,No,No,No,Yes,"Some college credit, no degree",I am unemployed due to the pandemic
10/21/2020 14:30,10/21/2020 14:31,IP Address,68.192.64.8,24,59,FALSE,10/28/2020 14:31,R_3rTKUEyKuJ80lie,,,,,,,anonymous,EN,20,Male,No,Yes,"Under $15,000",About the same,,,,,,,,,,,,,,,,,,,,,,,,,,,,,,,,,,,,,,,,,,,,,,,,,,,,,,,,,,,,,"Some college credit, no degree",I work part-time
10/28/2020 15:05,10/28/2020 15:09,IP Address,69.112.38.171,100,241,TRUE,10/28/2020 15:09,R_Z7ZxHrm09PrM8Cd,,,,,40.92770386,-74.34279633,anonymous,EN,21,Male,Yes,Yes,"$100,000 - $149,999",About the same,Slightly agree,Moderately agree,Moderately agree,Moderately disagree,Moderately agree,Moderately agree,Moderately agree,Strongly disagree,Slightly agree,Strongly agree,Slightly agree,Moderately disagree,Slightly agree,Moderately agree,Strongly agree,Strongly disagree,Moderately agree,Strongly agree,Slightly agree,Strongly disagree,Moderately agree,Strongly agree,Neither agree nor disagree,Strongly disagree,Slightly agree,Strongly agree,Moderately disagree,Strongly disagree,Moderately agree,Moderately agree,Moderately disagree,Strongly disagree,Yes,Yes,Yes,Yes,Yes,,Yes,Yes,Yes,Yes,Yes,No,Yes,Yes,Yes,Yes,Yes,Yes,No,No,No,No,No,No,No,Yes,No,No,Associate degree,I work part-time
10/28/2020 19:40,10/28/2020 19:45,IP Address,97.82.138.75,100,254,TRUE,10/28/2020 19:45,R_294inzYu6mx8vYv,,,,,35.45019531,-79.13619995,anonymous,EN,22,Female,No,Yes,"$75,000 - $99,999",About the same,Moderately agree,Moderately agree,Strongly agree,Strongly disagree,Slightly agree,Strongly agree,Strongly agree,Strongly disagree,Moderately agree,Moderately agree,Moderately agree,Strongly disagree,Moderately agree,Moderately agree,Strongly agree,Strongly disagree,,,,,,,,,,,,,,,,,No,Yes,Yes,Yes,No,Yes,Yes,Yes,Yes,Yes,No,No,Yes,Yes,Yes,Yes,Yes,Yes,No,No,No,No,No,Yes,No,No,No,No,Bachelor’s degree,I work part-time
10/21/2020 21:50,10/21/2020 21:50,IP Address,74.90.35.102,5,18,FALSE,10/28/2020 21:50,R_oY6wsSNw9e8t2dH,,,,,,,anonymous,EN,,,,,,,,,,,,,,,,,,,,,,,,,,,,,,,,,,,,,,,,,,,,,,,,,,,,,,,,,,,,,,,,,,,,
10/28/2020 21:45,10/28/2020 21:53,IP Address,149.151.65.228,100,464,TRUE,10/28/2020 21:53,R_1Caml0NkGMhUCNX,,,,,40.94509888,-74.25309753,anonymous,EN,22,Male,Yes,No,"Under $15,000",About the same,,,,,,,,,,,,,,,,,Neither agree nor disagree,Slightly disagree,Slightly agree,Strongly disagree,Neither agree nor disagree,Slightly agree,Slightly agree,Slightly disagree,Moderately disagree,Strongly disagree,Moderately agree,Strongly disagree,Strongly disagree,Slightly agree,Slightly agree,Strongly disagree,Yes,Yes,No,Yes,Yes,Yes,Yes,Yes,No,No,No,No,Yes,Yes,Yes,Yes,Yes,Yes,No,No,No,Yes,No,Yes,Yes,Yes,Yes,Yes,"Some college credit, no degree",I am unemployed
10/29/2020 2:05,10/29/2020 2:12,IP Address,149.151.68.110,100,422,TRUE,10/29/2020 2:12,R_2aggf7ibpzuTDrl,,,,,40.94509888,-74.25309753,anonymous,EN,22,Female,Yes,Yes,"$15,000 - $24,999",Less,Slightly agree,Strongly agree,Strongly agree,Strongly disagree,Slightly agree,Strongly agree,Strongly agree,Strongly disagree,Neither agree nor disagree,Strongly agree,Strongly agree,Strongly disagree,Moderately agree,Strongly agree,Strongly agree,Strongly disagree,Strongly agree,Strongly agree,Strongly agree,Strongly disagree,Strongly agree,Strongly agree,Strongly agree,Strongly disagree,Strongly agree,Moderately agree,Slightly agree,Strongly disagree,Strongly agree,Strongly agree,Neither agree nor disagree,Strongly disagree,Yes,No,No,Yes,No,No,Yes,No,Yes,No,No,No,No,Yes,Yes,No,Yes,Yes,Yes,No,No,Yes,Yes,Yes,No,Yes,Yes,No,"High school graduate, diploma or the equivalent (for example: GED)",I work part-time
10/23/2020 20:52,10/23/2020 20:59,IP Address,69.115.141.66,98,415,FALSE,10/30/2020 20:59,R_enBBX8kCNQ1aUNP,,,,,,,anonymous,EN,53,Female,No,Yes,"$75,000 - $99,999",More,,,,,,,,,,,,,,,,,,,,,,,,,,,,,,,,,Yes,Yes,Yes,Yes,Yes,Yes,Yes,Yes,Yes,Yes,Yes,No,Yes,No,Yes,Yes,Yes,Yes,Yes,No,Yes,Yes,Yes,Yes,Yes,Yes,Yes,Yes,Associate degree,I work full-time
10/24/2020 5:44,10/24/2020 5:46,IP Address,69.120.48.84,20,139,FALSE,10/31/2020 5:47,R_2qkD6gQbIHItB8e,,,,,,,anonymous,EN,62,Female,No,No,"$75,000 - $99,999",About the same,,,,,,,,,,,,,,,,,,,,,,,,,,,,,,,,,,,,,,,,,,,,,,,,,,,,,,,,,,,,,,
10/28/2020 10:43,10/28/2020 10:44,IP Address,149.151.68.200,22,66,FALSE,11/4/2020 9:44,R_1DNDBYi7xQ7Yayb,,,,,,,anonymous,EN,23,Female,Yes,Yes,"Under $15,000",About the same,,,,,,,,,,,,,,,,,Strongly disagree,Strongly disagree,Moderately disagree,Slightly disagree,Slightly disagree,Slightly agree,Moderately agree,Moderately disagree,Strongly agree,Strongly agree,Strongly agree,Moderately agree,Moderately agree,Moderately agree,Moderately agree,Moderately agree,,,,,,,,,,,,,,,,,,,,,,,,,,,,,,
10/28/2020 15:26,10/28/2020 15:27,IP Address,100.1.97.208,17,22,FALSE,11/4/2020 14:27,R_2ylKxWUJi6kOx6d,,,,,,,anonymous,EN,21,Male,Yes,No,"Under $15,000",,,,,,,,,,,,,,,,,,,,,,,,,,,,,,,,,,,,,,,,,,,,,,,,,,,,,,,,,,,,,,,
10/28/2020 15:27,10/28/2020 15:27,IP Address,149.151.67.108,15,35,FALSE,11/4/2020 14:27,R_3NQlKjs3mPdHHrH,,,,,,,anonymous,EN,21,Female,Yes,No,,,,,,,,,,,,,,,,,,,,,,,,,,,,,,,,,,,,,,,,,,,,,,,,,,,,,,,,,,,,,,,,
10/28/2020 15:49,10/28/2020 15:50,IP Address,149.151.41.187,20,28,FALSE,11/4/2020 14:50,R_CjmGFqPX8VpJRp7,,,,,,,anonymous,EN,21,Male,Yes,Yes,"$15,000 - $24,999",About the same,,,,,,,,,,,,,,,,,,,,,,,,,,,,,,,,,,,,,,,,,,,,,,,,,,,,,,,,,,,,,,
10/29/2020 8:08,10/29/2020 8:08,IP Address,68.194.220.78,2,42,FALSE,11/5/2020 7:09,R_vHo7yhmMGVSnZqF,,,,,,,anonymous,EN,,,,,,,,,,,,,,,,,,,,,,,,,,,,,,,,,,,,,,,,,,,,,,,,,,,,,,,,,,,,,,,,,,,,
10/29/2020 15:17,10/29/2020 15:18,IP Address,69.248.59.80,20,37,FALSE,11/5/2020 14:18,R_3IQpY3LvDkMSSqb,,,,,,,anonymous,EN,21,Female,Yes,No,"$75,000 - $99,999",More,,,,,,,,,,,,,,,,,,,,,,,,,,,,,,,,,,,,,,,,,,,,,,,,,,,,,,,,,,,,,,
11/11/2020 8:34,11/11/2020 8:38,IP Address,24.185.183.34,100,217,TRUE,11/11/2020 8:38,R_vHc0drXP1KMyeCl,,,,,41.22920227,-74.59919739,anonymous,EN,34,Female,No,No,"$15,000 - $24,999",More,,,,,,,,,,,,,,,,,,,,,,,,,,,,,,,,,Yes,No,No,Yes,Yes,No,Yes,No,Yes,No,No,Yes,Yes,Yes,Yes,Yes,Yes,Yes,No,Yes,No,Yes,No,Yes,Yes,Yes,Yes,No,"High school graduate, diploma or the equivalent (for example: GED)",I am unemployed due to the pandemic
11/11/2020 8:35,11/11/2020 8:38,IP Address,24.188.67.205,100,157,TRUE,11/11/2020 8:38,R_21I0Zi9scNtRqqo,,,,,41.08169556,-74.18630219,anonymous,EN,28,Female,No,Yes,"$75,000 - $99,999",About the same,Moderately agree,Strongly agree,Strongly agree,Neither agree nor disagree,Slightly agree,Slightly agree,Strongly agree,Neither agree nor disagree,Slightly agree,Strongly agree,Strongly agree,Neither agree nor disagree,Neither agree nor disagree,Neither agree nor disagree,Strongly agree,Neither agree nor disagree,,,,,,,,,,,,,,,,,Yes,No,Yes,Yes,Yes,Yes,Yes,Yes,No,No,No,Yes,Yes,Yes,Yes,Yes,Yes,Yes,No,No,No,No,No,No,No,No,Yes,No,Bachelor’s degree,I work part-time
11/11/2020 8:36,11/11/2020 8:41,IP Address,195.169.15.250,100,304,TRUE,11/11/2020 8:41,R_2VOqToWmPS5kxEx,,,,,52.4815979,6.124603271,anonymous,EN,26,Male,No,Yes,"$100,000 - $149,999",Less,Strongly agree,Strongly agree,Strongly agree,Strongly disagree,Moderately agree,Moderately agree,Moderately agree,Strongly disagree,Strongly agree,Moderately agree,Moderately disagree,Strongly disagree,Strongly agree,Strongly agree,Moderately disagree,Strongly disagree,,,,,,,,,,,,,,,,,Yes,Yes,Yes,Yes,Yes,Yes,Yes,Yes,Yes,No,Yes,Yes,Yes,Yes,Yes,Yes,Yes,Yes,No,No,No,No,No,Yes,No,No,No,No,Bachelor’s degree,I work part-time
11/11/2020 8:41,11/11/2020 8:46,IP Address,174.193.17.168,100,305,TRUE,11/11/2020 8:46,R_2q8XA5pbNuzlQhZ,,,,,35.24259949,-80.74099731,anonymous,EN,19,Female,No,Yes,"$25,000 - $34,999",About the same,Moderately agree,Moderately agree,Slightly agree,Strongly disagree,Strongly agree,Strongly agree,Slightly agree,Neither agree nor disagree,Slightly agree,Moderately agree,Strongly agree,Slightly disagree,Moderately agree,Moderately agree,Moderately agree,Neither agree nor disagree,,,,,,,,,,,,,,,,,Yes,Yes,No,Yes,Yes,Yes,No,Yes,No,No,No,No,Yes,Yes,Yes,Yes,Yes,Yes,Yes,Yes,No,Yes,No,Yes,Yes,Yes,No,Yes,Trade/technical/vocational training,I work full-time
11/11/2020 8:46,11/11/2020 8:50,IP Address,128.151.177.71,100,252,TRUE,11/11/2020 8:50,R_yQoFY0xmJOkUUFz,,,,,43.08009338,-77.63420105,anonymous,EN,25,Female,No,Yes,"$75,000 - $99,999",More,Moderately agree,Strongly agree,Strongly agree,Slightly disagree,Slightly agree,Slightly agree,Strongly agree,Slightly disagree,Neither agree nor disagree,Neither agree nor disagree,Strongly agree,Slightly disagree,Neither agree nor disagree,Neither agree nor disagree,Strongly agree,Slightly disagree,,,,,,,,,,,,,,,,,No,Yes,Yes,Yes,Yes,Yes,No,Yes,Yes,Yes,Yes,Yes,No,Yes,Yes,Yes,Yes,Yes,Yes,No,No,Yes,No,Yes,No,Yes,Yes,No,Master’s degree,I work full-time
11/11/2020 8:56,11/11/2020 9:01,IP Address,108.53.130.61,100,266,TRUE,11/11/2020 9:01,R_3QJJcAxktaSlkkS,,,,,40.8822937,-74.21520233,anonymous,EN,26,Female,No,Yes,"$35,000 - $49,999",Less,Moderately agree,Strongly agree,Moderately agree,Moderately disagree,Moderately agree,Strongly agree,Slightly agree,Slightly agree,Moderately agree,Moderately agree,Moderately disagree,Strongly disagree,Moderately agree,Strongly agree,Slightly agree,Moderately disagree,,,,,,,,,,,,,,,,,Yes,Yes,Yes,Yes,Yes,Yes,Yes,Yes,Yes,Yes,Yes,Yes,Yes,Yes,Yes,Yes,Yes,Yes,Yes,Yes,No,No,No,Yes,No,No,Yes,No,"Some college credit, no degree",I work full-time
11/11/2020 9:48,11/11/2020 9:56,IP Address,69.121.18.154,100,453,TRUE,11/11/2020 9:56,R_238Zu81YhJVpmDu,,,,,40.96549988,-74.3015976,anonymous,EN,50,Female,No,Yes,"$50,000 - $74,999",More,Neither agree nor disagree,Strongly agree,Slightly disagree,Strongly disagree,Neither agree nor disagree,Moderately disagree,Moderately agree,Slightly disagree,Moderately agree,Strongly agree,Slightly agree,Strongly disagree,Slightly agree,Moderately agree,Slightly disagree,Moderately disagree,,,,,,,,,,,,,,,,,Yes,Yes,Yes,Yes,No,Yes,Yes,No,Yes,Yes,Yes,Yes,Yes,No,Yes,Yes,Yes,Yes,No,No,No,No,No,Yes,Yes,Yes,No,No,Master’s degree,I work part-time
11/11/2020 10:48,11/11/2020 10:57,IP Address,216.49.48.150,100,528,TRUE,11/11/2020 10:57,R_6Pa6fsgPxEjNdEB,,,,,41.09590149,-75.11959839,anonymous,EN,36,Female,No,No,"$25,000 - $34,999",More,,,,,,,,,,,,,,,,,,,,,,,,,,,,,,,,,No,No,No,No,Yes,Yes,Yes,No,No,Yes,Yes,No,No,Yes,Yes,No,Yes,No,Yes,Yes,No,Yes,No,Yes,Yes,Yes,Yes,No,"Some college credit, no degree",I am unemployed
11/11/2020 11:14,11/11/2020 11:18,IP Address,24.228.78.239,100,242,TRUE,11/11/2020 11:18,R_1qVE971r8OTWyw7,,,,,41.01049805,-74.20739746,anonymous,EN,23,Female,No,Yes,"$150,000 - $199,999",About the same,Strongly agree,Strongly agree,Strongly agree,Moderately disagree,Moderately agree,Moderately agree,Strongly agree,Strongly disagree,Slightly agree,Neither agree nor disagree,Strongly agree,Strongly disagree,Slightly agree,Moderately agree,Strongly agree,Strongly disagree,,,,,,,,,,,,,,,,,Yes,Yes,Yes,Yes,Yes,Yes,Yes,Yes,Yes,Yes,No,Yes,Yes,Yes,Yes,Yes,Yes,Yes,No,No,No,No,No,No,No,No,No,No,Bachelor’s degree,I work full-time
11/11/2020 11:50,11/11/2020 11:56,IP Address,107.77.203.135,100,317,TRUE,11/11/2020 11:56,R_bD9LOc3byvJGUZH,,,,,38.83050537,-77.10140228,anonymous,EN,36,Female,No,Yes,"$100,000 - $149,999",About the same,Moderately agree,Strongly agree,Slightly agree,Strongly disagree,Moderately agree,Strongly agree,Moderately agree,Moderately disagree,Slightly agree,Slightly disagree,Neither agree nor disagree,Moderately disagree,Slightly agree,Moderately agree,Slightly agree,Strongly disagree,,,,,,,,,,,,,,,,,Yes,Yes,No,Yes,Yes,Yes,Yes,Yes,Yes,No,Yes,Yes,Yes,Yes,No,Yes,Yes,Yes,No,No,No,No,No,No,No,No,No,No,Bachelor’s degree,I work full-time
11/11/2020 14:28,11/11/2020 14:33,IP Address,31.161.227.36,100,276,TRUE,11/11/2020 14:33,R_2fed4FCEuxJHz2S,,,,,52.34289551,4.896606445,anonymous,EN,23,Male,No,Yes,"$25,000 - $34,999",About the same,Moderately agree,Slightly agree,Strongly agree,Strongly disagree,Strongly agree,Moderately agree,Neither agree nor disagree,Moderately disagree,Strongly agree,Strongly agree,Moderately disagree,Strongly disagree,Moderately agree,Moderately agree,Strongly agree,Neither agree nor disagree,,,,,,,,,,,,,,,,,Yes,Yes,No,Yes,Yes,Yes,Yes,Yes,No,No,No,Yes,Yes,Yes,No,Yes,Yes,Yes,No,No,No,No,No,No,No,No,Yes,No,Bachelor’s degree,I work full-time
