StartDate,EndDate,Status,Progress,Duration (in seconds),Finished,RecordedDate,ResponseId,DistributionChannel,UserLanguage,Q1,Q2,Q3,Q4,Q5,Q6_1,Q6_2,Q6_3,Q6_4,Q6_5,Q6_6,Q7_1,Q7_2,Q7_3,Q7_4,Q7_5,Q7_6,Q8_1,Q8_2,Q8_3,Q8_4,Q8_5,Q8_6,Q9_1,Q9_2,Q9_3,Q9_4,Q9_5,Q9_6,Q10_1,Q10_2,Q10_3,Q10_4,Q10_5,Q10_6,Q10_7,Q11_1,Q11_2,Q11_3,Q11_4,Q11_5,Q11_6,Q11_7,Q12_1,Q12_2,Q12_3,Q12_4,Q12_5,Q12_6,Q12_7,Q12_8,Q12_9,Q12_10,Q13_1,Q13_2,Q13_3,Q13_4,Q13_5,Q13_6,Q14_1,Q14_2,Q14_3,Q14_4,Q14_5,Q14_6,Q14_7,Q14_8,Q14_9,Q14_10,Q14_11,Q14_12,Q14_13,Q14_14,Q14_15,Q14_16,Q14_17,Q14_18
Start Date,End Date,Response Type,Progress,Duration (in seconds),Finished,Recorded Date,Response ID,Distribution Channel,User Language,"Project Name: The Relationship Between Social Media Use, Anxiety, and Relationship Satisfaction. 
Principal Investigator: Jayde Onori
Popular Music Major 
William Paterson University 
College of Arts & Communication 
201-708-5563 onorij@student.wpunj.edu  
Voluntary participation: Your participation is voluntary and at any time during the study, you have the right to refuse to answer questions or discontinue your participation in this survey without penalty. 
Duration: The experiment will last no longer than 15 minutes. 
Risks and Benefits: There are no risks associated with this study beyond what would be encountered in normal life. All data will be collected anonymously. If you find some of the questions to be sensitive or experience any emotional discomfort, refer to the contact information provided below for help. 
Statement of Confidentiality: Your participation in this research is confidential. No personally identifiable information will be stored with your data, and data will be stored on a password protected computer. 
Purpose of the Research: The purpose of this research study is to determine whether high social media use reduces relationship satisfaction by increasing anxiety. 
General Plan of the Research: In this survey, you will be asked to respond to a series of scales and personal questions. After each question is presented, you will be asked to answer the following question or complete the following scale. After the survey, you are encouraged to ask questions about this research and your rights as a participant. Contact information is included below, and you may voice any concerns and report any study-related problems.                                                    
Right to Ask Questions: If you have any questions concerning this research project, you should contact Jayde Onori at 201-708-5563 or by email at onorij@student.wpunj.edu. If you experienced any emotional discomfort that you wish to address to someone other than the investigator, you may contact William Paterson’s Counseling Services at 973-720-2257. You must be 18 years of age or older to take part in this research study.",What is your age?,Which of the following best describes your gender?,Which of the following best describes your sexual orientation?,What is your current relationship status?,"What social media platforms do you actively use (post, comment, like, etc.)? Mark your answer with an ""X"". - Facebook","What social media platforms do you actively use (post, comment, like, etc.)? Mark your answer with an ""X"". - Instagram","What social media platforms do you actively use (post, comment, like, etc.)? Mark your answer with an ""X"". - Twitter","What social media platforms do you actively use (post, comment, like, etc.)? Mark your answer with an ""X"". - Snapchat","What social media platforms do you actively use (post, comment, like, etc.)? Mark your answer with an ""X"". - TikTok","What social media platforms do you actively use (post, comment, like, etc.)? Mark your answer with an ""X"". - Other (please specify)","What platforms does your significant other actively use (post, like, comment, etc.)? Mark your answer with an ""X"". - Facebook","What platforms does your significant other actively use (post, like, comment, etc.)? Mark your answer with an ""X"". - Instagram","What platforms does your significant other actively use (post, like, comment, etc.)? Mark your answer with an ""X"". - Twitter","What platforms does your significant other actively use (post, like, comment, etc.)? Mark your answer with an ""X"". - Snapchat","What platforms does your significant other actively use (post, like, comment, etc.)? Mark your answer with an ""X"". - TikTok","What platforms does your significant other actively use (post, like, comment, etc.)? Mark your answer with an ""X"". - Other (please specify)","Using your iPhone, go to Settings>Screen Time>See All Activity>select Week and document how frequently you used those social media platforms for the average week. For non-iPhone users, skip this step. - Facebook","Using your iPhone, go to Settings>Screen Time>See All Activity>select Week and document how frequently you used those social media platforms for the average week. For non-iPhone users, skip this step. - Instagram","Using your iPhone, go to Settings>Screen Time>See All Activity>select Week and document how frequently you used those social media platforms for the average week. For non-iPhone users, skip this step. - Twiiter","Using your iPhone, go to Settings>Screen Time>See All Activity>select Week and document how frequently you used those social media platforms for the average week. For non-iPhone users, skip this step. - Snapchat","Using your iPhone, go to Settings>Screen Time>See All Activity>select Week and document how frequently you used those social media platforms for the average week. For non-iPhone users, skip this step. - TikTok","Using your iPhone, go to Settings>Screen Time>See All Activity>select Week and document how frequently you used those social media platforms for the average week. For non-iPhone users, skip this step. - Other","For non-iPhone users, give your best approximation of your average weekly screen time for each social media platform you use. (ex:1h 23m) - Facebook","For non-iPhone users, give your best approximation of your average weekly screen time for each social media platform you use. (ex:1h 23m) - Instagram","For non-iPhone users, give your best approximation of your average weekly screen time for each social media platform you use. (ex:1h 23m) - Twitter","For non-iPhone users, give your best approximation of your average weekly screen time for each social media platform you use. (ex:1h 23m) - Snapchat","For non-iPhone users, give your best approximation of your average weekly screen time for each social media platform you use. (ex:1h 23m) - TikTok","For non-iPhone users, give your best approximation of your average weekly screen time for each social media platform you use. (ex:1h 23m) - Other","Generalized Anxiety Disorder

Over the last two weeks, how often have you been bothered by the following problems? - Feeling nervous, anxious, or on edge.","Generalized Anxiety Disorder

Over the last two weeks, how often have you been bothered by the following problems? - Not being able to stop or control worrying.","Generalized Anxiety Disorder

Over the last two weeks, how often have you been bothered by the following problems? - Worrying too much about different things.","Generalized Anxiety Disorder

Over the last two weeks, how often have you been bothered by the following problems? - Trouble relaxing.","Generalized Anxiety Disorder

Over the last two weeks, how often have you been bothered by the following problems? - Being so restless that it is hard to sit still.","Generalized Anxiety Disorder

Over the last two weeks, how often have you been bothered by the following problems? - Becoming easily annoyed or irritable.","Generalized Anxiety Disorder

Over the last two weeks, how often have you been bothered by the following problems? - Feeling afraid, as if something awful might happen.","Relationship Assessment Scale
Select the item that you feel best answers each statement. - How well does your partner meet your needs?","Relationship Assessment Scale
Select the item that you feel best answers each statement. - In general, how satisfied are you with your relationship?","Relationship Assessment Scale
Select the item that you feel best answers each statement. - How good is your relationship compared to most?","Relationship Assessment Scale
Select the item that you feel best answers each statement. - How often do you wish you hadn’t gotten in this relationship?","Relationship Assessment Scale
Select the item that you feel best answers each statement. - To what extent has your relationship met your original expectations?","Relationship Assessment Scale
Select the item that you feel best answers each statement. - How much do you love your partner?","Relationship Assessment Scale
Select the item that you feel best answers each statement. - How many problems are there in your relationship?","Rosenberg Self-Esteem Scale
Select the item that you feel best answers each statement. - On the whole, I am satisfied with myself.","Rosenberg Self-Esteem Scale
Select the item that you feel best answers each statement. - At times I think I am no good at all.","Rosenberg Self-Esteem Scale
Select the item that you feel best answers each statement. - I feel that I have a number of good qualities.","Rosenberg Self-Esteem Scale
Select the item that you feel best answers each statement. - I am able to do things as well as most other people.","Rosenberg Self-Esteem Scale
Select the item that you feel best answers each statement. - I feel I do not have much to be proud of.","Rosenberg Self-Esteem Scale
Select the item that you feel best answers each statement. - I certainly feel useless at times.","Rosenberg Self-Esteem Scale
Select the item that you feel best answers each statement. - I feel that I'm a person of worth, at least on an equal plane with others.","Rosenberg Self-Esteem Scale
Select the item that you feel best answers each statement. - I wish I could have more respect for myself.","Rosenberg Self-Esteem Scale
Select the item that you feel best answers each statement. - All in all, I am inclined to feel that I am a failure.","Rosenberg Self-Esteem Scale
Select the item that you feel best answers each statement. - I take a positive attitude toward myself.","Bergen Social Media Scale
Select the item that you feel best answers each statement. - You spend a lot of time thinking about social media or planning how to use it.","Bergen Social Media Scale
Select the item that you feel best answers each statement. - You feel an urge to use social media more and more.","Bergen Social Media Scale
Select the item that you feel best answers each statement. - You use social media in order to forget about personal problems.","Bergen Social Media Scale
Select the item that you feel best answers each statement. - You have tried to cut down on the use of social media without success.","Bergen Social Media Scale
Select the item that you feel best answers each statement. - You become restless or troubled if you are prohibited from using social media.","Bergen Social Media Scale
Select the item that you feel best answers each statement. - You use social media so much that it has had a negative impact on your job/studies.","Adult Attachment Scale 
Select the item that you feel best answers each statement. - I find it difficult to allow myself to depend on others.","Adult Attachment Scale 
Select the item that you feel best answers each statement. - People are never there when you need them.","Adult Attachment Scale 
Select the item that you feel best answers each statement. - I am comfortable depending on others.","Adult Attachment Scale 
Select the item that you feel best answers each statement. - I know that others will be there when I need them.","Adult Attachment Scale 
Select the item that you feel best answers each statement. - I find it difficult to trust others completely.","Adult Attachment Scale 
Select the item that you feel best answers each statement. - I am not sure that I can always depend on others to be there when I need them.","Adult Attachment Scale 
Select the item that you feel best answers each statement. - I do not often worry about being abandoned.","Adult Attachment Scale 
Select the item that you feel best answers each statement. - I often worry that my partner does not really love me.","Adult Attachment Scale 
Select the item that you feel best answers each statement. - I find others are reluctant to get as close as I would like.","Adult Attachment Scale 
Select the item that you feel best answers each statement. - I often worry my partner will not want to stay with me.","Adult Attachment Scale 
Select the item that you feel best answers each statement. - I want to merge completely with another person.","Adult Attachment Scale 
Select the item that you feel best answers each statement. - My desire to merge sometimes scares people away.","Adult Attachment Scale 
Select the item that you feel best answers each statement. - I find it relatively easy to get close to others.","Adult Attachment Scale 
Select the item that you feel best answers each statement. - I do not often worry about someone getting close to me.","Adult Attachment Scale 
Select the item that you feel best answers each statement. - I am somewhat uncomfortable being close to others.","Adult Attachment Scale 
Select the item that you feel best answers each statement. - I am nervous when anyone gets too close.","Adult Attachment Scale 
Select the item that you feel best answers each statement. - I am comfortable having others depend on me.","Adult Attachment Scale 
Select the item that you feel best answers each statement. - Often, love partners want me to be more intimate than I feel comfortable being."
"{""ImportId"":""startDate"",""timeZone"":""America/Denver""}","{""ImportId"":""endDate"",""timeZone"":""America/Denver""}","{""ImportId"":""status""}","{""ImportId"":""progress""}","{""ImportId"":""duration""}","{""ImportId"":""finished""}","{""ImportId"":""recordedDate"",""timeZone"":""America/Denver""}","{""ImportId"":""_recordId""}","{""ImportId"":""distributionChannel""}","{""ImportId"":""userLanguage""}","{""ImportId"":""QID14""}","{""ImportId"":""QID3_TEXT""}","{""ImportId"":""QID4""}","{""ImportId"":""QID5""}","{""ImportId"":""QID8""}","{""ImportId"":""QID6_1""}","{""ImportId"":""QID6_2""}","{""ImportId"":""QID6_3""}","{""ImportId"":""QID6_4""}","{""ImportId"":""QID6_5""}","{""ImportId"":""QID6_6""}","{""ImportId"":""QID7_1""}","{""ImportId"":""QID7_2""}","{""ImportId"":""QID7_3""}","{""ImportId"":""QID7_4""}","{""ImportId"":""QID7_5""}","{""ImportId"":""QID7_6""}","{""ImportId"":""QID9_1""}","{""ImportId"":""QID9_2""}","{""ImportId"":""QID9_3""}","{""ImportId"":""QID9_4""}","{""ImportId"":""QID9_5""}","{""ImportId"":""QID9_6""}","{""ImportId"":""QID10_1""}","{""ImportId"":""QID10_2""}","{""ImportId"":""QID10_3""}","{""ImportId"":""QID10_4""}","{""ImportId"":""QID10_5""}","{""ImportId"":""QID10_6""}","{""ImportId"":""QID1_1""}","{""ImportId"":""QID1_2""}","{""ImportId"":""QID1_3""}","{""ImportId"":""QID1_4""}","{""ImportId"":""QID1_5""}","{""ImportId"":""QID1_6""}","{""ImportId"":""QID1_7""}","{""ImportId"":""QID2_1""}","{""ImportId"":""QID2_2""}","{""ImportId"":""QID2_3""}","{""ImportId"":""QID2_4""}","{""ImportId"":""QID2_5""}","{""ImportId"":""QID2_6""}","{""ImportId"":""QID2_7""}","{""ImportId"":""QID11_1""}","{""ImportId"":""QID11_2""}","{""ImportId"":""QID11_3""}","{""ImportId"":""QID11_4""}","{""ImportId"":""QID11_5""}","{""ImportId"":""QID11_6""}","{""ImportId"":""QID11_7""}","{""ImportId"":""QID11_8""}","{""ImportId"":""QID11_9""}","{""ImportId"":""QID11_10""}","{""ImportId"":""QID12_1""}","{""ImportId"":""QID12_2""}","{""ImportId"":""QID12_3""}","{""ImportId"":""QID12_4""}","{""ImportId"":""QID12_5""}","{""ImportId"":""QID12_6""}","{""ImportId"":""QID13_1""}","{""ImportId"":""QID13_2""}","{""ImportId"":""QID13_3""}","{""ImportId"":""QID13_4""}","{""ImportId"":""QID13_5""}","{""ImportId"":""QID13_6""}","{""ImportId"":""QID13_7""}","{""ImportId"":""QID13_8""}","{""ImportId"":""QID13_9""}","{""ImportId"":""QID13_10""}","{""ImportId"":""QID13_11""}","{""ImportId"":""QID13_12""}","{""ImportId"":""QID13_13""}","{""ImportId"":""QID13_14""}","{""ImportId"":""QID13_15""}","{""ImportId"":""QID13_16""}","{""ImportId"":""QID13_17""}","{""ImportId"":""QID13_18""}"
2020-10-05 6:48:45,2020-10-05 6:48:52,Survey Preview,100,7,TRUE,2020-10-05 6:48:53,R_3hbBI231QguHCq5,preview,EN,Exit - I do not consent.,,,,,,,,,,,,,,,,,,,,,,,,,,,,,,,,,,,,,,,,,,,,,,,,,,,,,,,,,,,,,,,,,,,,,,,,,,,,
2020-10-05 6:51:59,2020-10-05 6:54:22,Survey Preview,100,142,TRUE,2020-10-05 6:54:23,R_5dP7lV5Hah6YPpT,preview,EN,Continue - I wish to participate in this study.,21,Female,Heterosexual,In a committed relationship,x,x,,x,,,,,,,,linkedin,2hr,,,,,,,,,,,,Not at all,Several days,More than half the days,More than half the days,More than half the days,More than half the days,More than half the days,Poorly,Average,Average,Average,Above Standards,Mostly,Very Many,Agree,Agree,Agree,Disagree,Disagree,Agree,Strongly Agree,Agree,Agree,Agree,Very Rarely,Rarely,Rarely,Sometimes,Often,Very Often,Not at all characteristic of me.,Not at all characteristic of me.,Not at all characteristic of me.,Not much characteristic of me,Neutral,Neutral,Somewhat characteristic of me,Neutral,Neutral,Somewhat characteristic of me,Somewhat characteristic of me,Somewhat characteristic of me,Somewhat characteristic of me,Somewhat characteristic of me,Somewhat characteristic of me,Somewhat characteristic of me,Somewhat characteristic of me,Somewhat characteristic of me
2020-10-05 10:28:33,2020-10-05 10:32:48,IP Address,100,254,TRUE,2020-10-05 10:32:48,R_3R4KeqOpVhvVwGq,anonymous,EN,Continue - I wish to participate in this study.,89,Female,Heterosexual,Married,,,,,,,,,,,,,,,,,,,,,,,,,More than half the days,More than half the days,Several days,Not at all,Several days,More than half the days,Nearly everyday,,,,,,,,Agree,Disagree,Strongly Disagree,Disagree,Agree,Strongly Agree,Agree,Disagree,Strongly Disagree,Disagree,Very Often,Often,Sometimes,Rarely,Very Rarely,Rarely,Very characteristic of me.,Somewhat characteristic of me,Neutral,Not much characteristic of me,Not at all characteristic of me.,Not at all characteristic of me.,Not at all characteristic of me.,Not at all characteristic of me.,Not at all characteristic of me.,Not at all characteristic of me.,Not at all characteristic of me.,Not at all characteristic of me.,Not at all characteristic of me.,Not at all characteristic of me.,Not at all characteristic of me.,Not at all characteristic of me.,Not at all characteristic of me.,Not at all characteristic of me.
2020-10-09 16:09:34,2020-10-09 18:36:31,IP Address,100,8816,TRUE,2020-10-09 18:36:31,R_qKg4E04enWzVcGJ,anonymous,EN,Continue - I wish to participate in this study.,21,Female,Heterosexual,In a committed relationship,X,X,,X,,,X,X,,,,,2h,2h 42m,,38m,,,,,,,,,Not at all,Several days,More than half the days,Not at all,Not at all,Not at all,Not at all,Average,Slightly Satsfied,Good,Never,Above Standards,Very Much,Few,Agree,Strongly Disagree,Strongly Agree,Strongly Agree,Strongly Disagree,Strongly Disagree,Strongly Agree,Strongly Disagree,Strongly Disagree,Agree,Very Rarely,Rarely,Very Rarely,Rarely,Sometimes,Very Rarely,Somewhat characteristic of me,Not much characteristic of me,Neutral,Somewhat characteristic of me,Very characteristic of me.,Not much characteristic of me,Very characteristic of me.,Not at all characteristic of me.,Not at all characteristic of me.,Not much characteristic of me,Not much characteristic of me,Not much characteristic of me,Not much characteristic of me,Somewhat characteristic of me,Somewhat characteristic of me,Somewhat characteristic of me,Very characteristic of me.,Not much characteristic of me
2020-10-10 20:24:00,2020-10-10 20:31:33,IP Address,100,453,TRUE,2020-10-10 20:31:34,R_1kIBW8EldrND1UN,anonymous,EN,Continue - I wish to participate in this study.,36,Male,Heterosexual,In a committed relationship,X,X,X,,,,X,X,,,,,,,,,,,10 hours,4 hours,2 hours,,,,Several days,Not at all,Not at all,Several days,Not at all,Several days,Not at all,Extremely Well,Extremely Satisfied,Excellent,Never,Far Above Standards,Very Much,Very few,Agree,Agree,Agree,Agree,Disagree,Agree,Agree,Agree,Disagree,Agree,Often,Sometimes,Very Rarely,Very Rarely,Very Rarely,Very Rarely,Very characteristic of me.,Somewhat characteristic of me,Somewhat characteristic of me,Neutral,Very characteristic of me.,Somewhat characteristic of me,Somewhat characteristic of me,Not at all characteristic of me.,Neutral,Not at all characteristic of me.,Not at all characteristic of me.,Not at all characteristic of me.,Not much characteristic of me,Neutral,Very characteristic of me.,Somewhat characteristic of me,Somewhat characteristic of me,Not much characteristic of me
2020-10-10 20:36:32,2020-10-10 20:42:01,IP Address,100,328,TRUE,2020-10-10 20:42:01,R_12KdO8aOVQpa9Vb,anonymous,EN,Continue - I wish to participate in this study.,23,Female,Heterosexual,In a committed relationship,X,X,X,X,X,,X,X,,,,,,,,,,,,,,,,,Several days,More than half the days,Nearly everyday,Not at all,Several days,Several days,Not at all,Average,Slightly Satsfied,Good,Never,Average,Very Much,Average,Strongly Agree,Strongly Disagree,Strongly Agree,Strongly Agree,Strongly Disagree,Disagree,Strongly Agree,Strongly Disagree,Strongly Disagree,Strongly Agree,Sometimes,Very Often,Rarely,Sometimes,Very Often,Sometimes,Neutral,Somewhat characteristic of me,Very characteristic of me.,Very characteristic of me.,Very characteristic of me.,Somewhat characteristic of me,Not at all characteristic of me.,Not at all characteristic of me.,Neutral,Not at all characteristic of me.,Not at all characteristic of me.,Not at all characteristic of me.,Neutral,Neutral,Neutral,Somewhat characteristic of me,Neutral,Not at all characteristic of me.
2020-10-10 20:37:35,2020-10-10 20:45:52,IP Address,100,496,TRUE,2020-10-10 20:45:52,R_UGBlJu2RbXnCiVX,anonymous,EN,Continue - I wish to participate in this study.,51,Male,Heterosexual,Divorced/Widowed,x,x,x,,,,,,,,,,,,,,,,5 hrs,1 hour,6 mins,,,,Not at all,Not at all,Several days,Not at all,Not at all,Several days,Not at all,Poorly,Unsatisfied,Poor,Never,Far Below Standards,Very Little,Very few,Agree,Agree,Strongly Agree,Strongly Agree,Disagree,Agree,Agree,Strongly Disagree,Strongly Disagree,Agree,Rarely,Rarely,Sometimes,Sometimes,Very Rarely,Very Rarely,Neutral,Not much characteristic of me,Neutral,Somewhat characteristic of me,Not much characteristic of me,Not much characteristic of me,Somewhat characteristic of me,Not much characteristic of me,Neutral,Neutral,Neutral,Not much characteristic of me,Neutral,Neutral,Not much characteristic of me,Not much characteristic of me,Neutral,Neutral
2020-10-10 22:25:13,2020-10-10 22:34:00,IP Address,100,526,TRUE,2020-10-10 22:34:00,R_2ly9MdOj694wjVT,anonymous,EN,Continue - I wish to participate in this study.,25,Female,Heterosexual,"Single, never married",X,X,X,X,X,,,X,,X,,,,,,,,,3hr,7 hrs,,1h,,,Not at all,Not at all,Not at all,Not at all,Not at all,Several days,Not at all,Less Often,Slightly Unsatisfied,Fair,Seldom,Average,Average,Frequent,Agree,Agree,Agree,Agree,Disagree,Agree,Agree,Agree,Disagree,Agree,Often,Sometimes,Very Often,Rarely,Sometimes,Rarely,Somewhat characteristic of me,Somewhat characteristic of me,Not much characteristic of me,Not much characteristic of me,Neutral,Neutral,Neutral,Neutral,Very characteristic of me.,Neutral,Very characteristic of me.,Somewhat characteristic of me,Neutral,Neutral,Neutral,Not much characteristic of me,Somewhat characteristic of me,Not much characteristic of me
2020-10-10 23:32:03,2020-10-10 23:39:02,IP Address,100,418,TRUE,2020-10-10 23:39:02,R_2wKqkAtFYlxIn0y,anonymous,EN,Continue - I wish to participate in this study.,23,Female,Heterosexual,"Single, never married",,X,X,,,,,,,,,,,,,,,,2h,14h,5h,,,,Several days,More than half the days,More than half the days,Several days,Several days,Several days,Nearly everyday,,,,,,,,Agree,Agree,Agree,Agree,Strongly Agree,Strongly Agree,Agree,Strongly Agree,Disagree,Agree,Sometimes,Rarely,Rarely,Very Often,Rarely,Sometimes,Very characteristic of me.,Neutral,Not much characteristic of me,Somewhat characteristic of me,Very characteristic of me.,Somewhat characteristic of me,Not much characteristic of me,,,,Somewhat characteristic of me,Not much characteristic of me,Very characteristic of me.,Somewhat characteristic of me,Not at all characteristic of me.,Not at all characteristic of me.,Somewhat characteristic of me,
2020-10-11 7:44:17,2020-10-11 7:55:56,IP Address,100,699,TRUE,2020-10-11 7:55:57,R_1l0N9etX5Z81MZW,anonymous,EN,Continue - I wish to participate in this study.,27,Male,Heterosexual,"Single, never married",X,X,X,X,,,,,,,,,,,,,,,5hrs,6hrs,1hr,3hrs,,,Several days,Several days,More than half the days,More than half the days,Not at all,More than half the days,Several days,,,,,,,,Agree,Agree,Agree,Agree,Agree,Strongly Agree,Agree,Agree,Agree,Disagree,Sometimes,Often,Rarely,Rarely,Very Rarely,Often,Very characteristic of me.,Very characteristic of me.,Not much characteristic of me,Not much characteristic of me,Very characteristic of me.,Very characteristic of me.,Somewhat characteristic of me,Very characteristic of me.,Neutral,Very characteristic of me.,Neutral,Not much characteristic of me,Not at all characteristic of me.,Not much characteristic of me,Neutral,Somewhat characteristic of me,Somewhat characteristic of me,Somewhat characteristic of me
2020-10-11 8:08:45,2020-10-11 8:14:03,IP Address,100,317,TRUE,2020-10-11 8:14:03,R_diK8AZeHgMUWo3D,anonymous,EN,Continue - I wish to participate in this study.,22,Male,Heterosexual,"Single, never married",X,X,,X,,,,,,,,,15 minutes,9 minutes,,1 minute,,,,,,,,,More than half the days,Nearly everyday,More than half the days,More than half the days,Several days,More than half the days,Not at all,,,,,,,,Strongly Agree,Agree,Strongly Agree,Agree,Disagree,Agree,Agree,Agree,Disagree,Agree,Rarely,Very Rarely,Very Rarely,Very Rarely,Very Rarely,Very Rarely,Not much characteristic of me,Not much characteristic of me,Neutral,Neutral,Not much characteristic of me,Neutral,Neutral,Neutral,Somewhat characteristic of me,Neutral,Not much characteristic of me,Neutral,Somewhat characteristic of me,Very characteristic of me.,Not much characteristic of me,Not at all characteristic of me.,Very characteristic of me.,Not much characteristic of me
2020-10-11 9:30:10,2020-10-11 9:38:56,IP Address,100,526,TRUE,2020-10-11 9:38:56,R_3qKlmvjPVxn3lsQ,anonymous,EN,Continue - I wish to participate in this study.,56,Female,Heterosexual,In a committed relationship,X,X,,,,,X,,,,,,,,,,,,1 hr,15 mins,,,,,Not at all,Not at all,Not at all,Not at all,Several days,Several days,Not at all,Extremely Well,Extremely Satisfied,Excellent,Never,Far Above Standards,Very Much,Very few,Agree,Strongly Disagree,Agree,Agree,Strongly Disagree,Strongly Disagree,Agree,Disagree,Disagree,Agree,Very Rarely,Rarely,Very Rarely,Very Rarely,Very Rarely,Very Rarely,Neutral,Neutral,Neutral,Neutral,Neutral,Neutral,Not at all characteristic of me.,Not at all characteristic of me.,Not at all characteristic of me.,Not at all characteristic of me.,Somewhat characteristic of me,Not much characteristic of me,Neutral,Neutral,Not much characteristic of me,Not much characteristic of me,Somewhat characteristic of me,Neutral
2020-10-11 14:39:01,2020-10-11 14:44:59,IP Address,100,358,TRUE,2020-10-11 14:44:59,R_22Evrl2Ul0LFCCf,anonymous,EN,Continue - I wish to participate in this study.,43,Female,Heterosexual,Married,X,,,,,,X,X,,,,,1,0,0,0,0,0,,,,,,,Nearly everyday,Nearly everyday,Nearly everyday,Nearly everyday,More than half the days,Nearly everyday,Nearly everyday,Extremely Well,Extremely Satisfied,Excellent,Never,Far Above Standards,Very Much,Very few,Disagree,Strongly Agree,Strongly Agree,Agree,Agree,Strongly Agree,Agree,Strongly Agree,Strongly Agree,Disagree,Rarely,Very Rarely,Very Rarely,Very Rarely,Very Rarely,Very Rarely,Neutral,Not at all characteristic of me.,Neutral,Somewhat characteristic of me,Somewhat characteristic of me,Not much characteristic of me,Not much characteristic of me,Not much characteristic of me,Not at all characteristic of me.,Neutral,Not at all characteristic of me.,Not at all characteristic of me.,Somewhat characteristic of me,Neutral,Not much characteristic of me,Neutral,Neutral,Not at all characteristic of me.
2020-10-11 15:02:00,2020-10-11 15:09:53,IP Address,100,473,TRUE,2020-10-11 15:09:53,R_2fdhqsSW6HmOk8f,anonymous,EN,Continue - I wish to participate in this study.,20,Female,Heterosexual,"Single, never married",X,X,X,X,X,,X,X,X,X,,,,,,,,,1h,5h,30m,20h,20h,,Nearly everyday,Nearly everyday,More than half the days,Nearly everyday,More than half the days,Several days,Not at all,Extremely Well,Extremely Satisfied,Excellent,Never,Far Above Standards,Very Much,Very few,Agree,Agree,Agree,Agree,Disagree,Disagree,Agree,Agree,Disagree,Disagree,Sometimes,Rarely,Often,Sometimes,,Sometimes,Very characteristic of me.,Somewhat characteristic of me,Not much characteristic of me,Not much characteristic of me,Somewhat characteristic of me,Very characteristic of me.,Not much characteristic of me,Neutral,Not much characteristic of me,Neutral,Somewhat characteristic of me,Not at all characteristic of me.,Neutral,Neutral,Neutral,Somewhat characteristic of me,Very characteristic of me.,Somewhat characteristic of me
2020-10-11 15:34:39,2020-10-11 15:48:30,IP Address,100,830,TRUE,2020-10-11 15:48:30,R_UAxcrSaKZWvoEzD,anonymous,EN,Continue - I wish to participate in this study.,74,Female,Heterosexual,Divorced/Widowed,X,,,,,,,,,,,,Daily,,,,,,,,,,,,Not at all,Not at all,Not at all,Not at all,Not at all,Not at all,Not at all,,,,,,,,Agree,Strongly Disagree,Agree,Agree,Disagree,Strongly Disagree,Strongly Agree,Strongly Disagree,Strongly Disagree,Strongly Agree,Rarely,Rarely,Very Rarely,Rarely,Rarely,Very Rarely,Somewhat characteristic of me,Not at all characteristic of me.,Somewhat characteristic of me,Very characteristic of me.,Not much characteristic of me,Not at all characteristic of me.,Not at all characteristic of me.,,Not at all characteristic of me.,,Somewhat characteristic of me,Not at all characteristic of me.,Very characteristic of me.,Very characteristic of me.,Not at all characteristic of me.,Not at all characteristic of me.,Somewhat characteristic of me,
2020-10-11 19:54:32,2020-10-11 20:02:20,IP Address,100,468,TRUE,2020-10-11 20:02:20,R_2xM3dgenX0FIJRR,anonymous,EN,Continue - I wish to participate in this study.,25,Male,Heterosexual,"Single, never married",X,X,,,,,,,,,,,,,,,,,4h,4h,,,,,Several days,Several days,Several days,Several days,More than half the days,Not at all,Not at all,,,,,,,,Strongly Agree,Strongly Disagree,Strongly Agree,Strongly Agree,Strongly Disagree,Strongly Disagree,Strongly Agree,Disagree,Strongly Disagree,Agree,Sometimes,Often,Often,Sometimes,Often,Very Rarely,Somewhat characteristic of me,Neutral,Not much characteristic of me,Not much characteristic of me,Not much characteristic of me,Somewhat characteristic of me,Not much characteristic of me,,Somewhat characteristic of me,,Very characteristic of me.,Very characteristic of me.,Very characteristic of me.,Very characteristic of me.,Not much characteristic of me,Not much characteristic of me,Very characteristic of me.,Not at all characteristic of me.
2020-10-11 20:45:59,2020-10-11 20:51:58,IP Address,100,359,TRUE,2020-10-11 20:51:58,R_x5YzI4Zdk60Cmv7,anonymous,EN,Continue - I wish to participate in this study.,21,Female,Heterosexual,In a committed relationship,X,X,,X,,,X,X,X,X,,,15,15,,15,,,,,,,,,Several days,Nearly everyday,Nearly everyday,Several days,Several days,More than half the days,Not at all,Average,Average,Average,Never,Average,Very Much,Average,Agree,Disagree,Agree,Agree,Disagree,Agree,Agree,Disagree,Disagree,Agree,Rarely,Very Rarely,Rarely,Sometimes,Very Rarely,Rarely,Neutral,Not much characteristic of me,Neutral,Neutral,Somewhat characteristic of me,Somewhat characteristic of me,Neutral,Neutral,Neutral,Somewhat characteristic of me,Neutral,Not much characteristic of me,Neutral,Not much characteristic of me,Not much characteristic of me,Neutral,Neutral,Neutral
2020-10-11 21:23:21,2020-10-11 21:34:34,IP Address,100,672,TRUE,2020-10-11 21:34:34,R_1jjmfmLPqYUuNIT,anonymous,EN,Continue - I wish to participate in this study.,53,Female,Heterosexual,Married,X,,,,,LinkedIn,X,,,,,Unknown ,5,,,,,4,,,,,,,Several days,More than half the days,More than half the days,More than half the days,Not at all,More than half the days,Several days,Average,Average,Good,Never,Below Standards,Mostly,Average,Disagree,Agree,Disagree,Agree,Agree,Strongly Agree,Disagree,Strongly Agree,Agree,Disagree,Often,Very Often,Sometimes,Very Often,Often,Sometimes,Neutral,Very characteristic of me.,Neutral,Not much characteristic of me,Somewhat characteristic of me,Somewhat characteristic of me,Not at all characteristic of me.,Not at all characteristic of me.,Somewhat characteristic of me,Not at all characteristic of me.,Neutral,Neutral,Somewhat characteristic of me,Somewhat characteristic of me,Neutral,Neutral,Neutral,Somewhat characteristic of me
2020-10-12 0:39:55,2020-10-12 0:49:31,IP Address,100,575,TRUE,2020-10-12 0:49:31,R_3dQPeiCNgW5Sy09,anonymous,EN,Continue - I wish to participate in this study.,47,Female,Heterosexual,Engaged,X,X,,,,,X ,X,X,,,,,,,,,,6 hrs,2 hrs,,,,,Several days,Several days,Several days,Several days,Not at all,Nearly everyday,Not at all,Extremely Well,Extremely Satisfied,Excellent,Never,Far Above Standards,Very Much,Very few,Disagree,,Strongly Agree,Agree,Disagree,Agree,Agree,Disagree,Disagree,Agree,Rarely,Rarely,Sometimes,Very Rarely,Very Rarely,Very Rarely,Neutral,Not much characteristic of me,Neutral,Very characteristic of me.,Somewhat characteristic of me,Somewhat characteristic of me,Not at all characteristic of me.,Not at all characteristic of me.,Not at all characteristic of me.,Not at all characteristic of me.,Not much characteristic of me,Not much characteristic of me,Neutral,Not much characteristic of me,Not much characteristic of me,Not much characteristic of me,Not much characteristic of me,Not at all characteristic of me.
2020-10-12 0:44:24,2020-10-12 0:59:57,IP Address,100,932,TRUE,2020-10-12 0:59:57,R_29jryE6rv57yagD,anonymous,EN,Continue - I wish to participate in this study.,48,Male,Heterosexual,Married,X,X,,,,,X,X,,,,,,,,,,,4hrs,20 minutes,,,,,Not at all,Not at all,Not at all,Not at all,Not at all,Several days,Not at all,Less Often,Slightly Satsfied,Good,Seldom,Far Above Standards,Very Much,Few,Disagree,Disagree,Agree,Agree,Strongly Disagree,Agree,Agree,Disagree,Strongly Disagree,Agree,Rarely,Rarely,Very Rarely,Very Rarely,Sometimes,Very Rarely,Not at all characteristic of me.,Neutral,Not much characteristic of me,Somewhat characteristic of me,Not at all characteristic of me.,Somewhat characteristic of me,Very characteristic of me.,Not much characteristic of me,Not much characteristic of me,Not much characteristic of me,Neutral,Neutral,Very characteristic of me.,Very characteristic of me.,Not at all characteristic of me.,Not at all characteristic of me.,Somewhat characteristic of me,Neutral
2020-10-12 3:00:43,2020-10-12 3:08:15,IP Address,100,451,TRUE,2020-10-12 3:08:15,R_2s5NbWthTiRHk6w,anonymous,EN,Continue - I wish to participate in this study.,55,Male,Heterosexual,Married,x,,,,,,,,,,,linkedin,,,,,,,,,,,,,Several days,Not at all,Several days,Not at all,Not at all,Several days,Not at all,Extremely Well,Extremely Satisfied,Excellent,Never,Above Standards,Very Much,Average,Agree,Agree,Agree,Strongly Agree,Disagree,Agree,Agree,Agree,Disagree,Disagree,Rarely,Sometimes,Rarely,Sometimes,Rarely,Very Rarely,Somewhat characteristic of me,Somewhat characteristic of me,Not at all characteristic of me.,Neutral,Somewhat characteristic of me,Somewhat characteristic of me,Very characteristic of me.,Somewhat characteristic of me,Not much characteristic of me,Somewhat characteristic of me,Very characteristic of me.,Somewhat characteristic of me,Not at all characteristic of me.,Very characteristic of me.,Somewhat characteristic of me,Neutral,Very characteristic of me.,Very characteristic of me.
2020-10-12 6:19:51,2020-10-12 6:25:12,IP Address,100,320,TRUE,2020-10-12 6:25:12,R_6G7YM3e5Eed1kvn,anonymous,EN,Continue - I wish to participate in this study.,48,Male,Heterosexual,In a committed relationship,X,X,,X,,,X,,,,,,3 hours,1 hour,,30 minutes,,,,,,,,,Several days,Not at all,Several days,Several days,Not at all,Several days,Not at all,Often,Extremely Satisfied,Good,Never,Far Above Standards,Very Much,Few,Disagree,Disagree,Agree,Disagree,Disagree,Agree,Agree,Strongly Agree,Disagree,Agree,Very Rarely,Very Rarely,Very Rarely,Often,Very Rarely,Very Rarely,Somewhat characteristic of me,Not much characteristic of me,Somewhat characteristic of me,Very characteristic of me.,Not much characteristic of me,Somewhat characteristic of me,Not much characteristic of me,Not much characteristic of me,Not much characteristic of me,Not much characteristic of me,Not much characteristic of me,Not much characteristic of me,Somewhat characteristic of me,Somewhat characteristic of me,Not much characteristic of me,Not much characteristic of me,Very characteristic of me.,Very characteristic of me.
2020-10-12 7:05:29,2020-10-12 7:12:55,IP Address,100,445,TRUE,2020-10-12 7:12:55,R_1r1tRQzCcAh23bG,anonymous,EN,Continue - I wish to participate in this study.,34,Female,Heterosexual,In a committed relationship,X,X,,X,,,X,X,,X,,,,,,,,,,,,,,,More than half the days,More than half the days,More than half the days,More than half the days,More than half the days,More than half the days,More than half the days,Average,Slightly Satsfied,Good,Never,Average,Very Much,Few,Agree,Disagree,Agree,Disagree,Disagree,Disagree,Agree,Disagree,Disagree,Agree,Sometimes,Sometimes,Sometimes,Rarely,Rarely,Rarely,Very characteristic of me.,Not much characteristic of me,Not at all characteristic of me.,Not much characteristic of me,Very characteristic of me.,Not at all characteristic of me.,Somewhat characteristic of me,Neutral,Not much characteristic of me,Somewhat characteristic of me,Not much characteristic of me,Neutral,Not at all characteristic of me.,Somewhat characteristic of me,Very characteristic of me.,Very characteristic of me.,Not at all characteristic of me.,Very characteristic of me.
2020-10-12 7:17:46,2020-10-12 7:21:46,IP Address,100,240,TRUE,2020-10-12 7:21:46,R_3hyiYFBvjAynDLG,anonymous,EN,Continue - I wish to participate in this study.,21,Female,Heterosexual,"Single, never married",X,X,,X,X,,,,,,,,,36 mins,,13 mins,56 mins,,,,,,,,Several days,Several days,Several days,Several days,Not at all,Several days,Several days,,,,,,,,Agree,Disagree,Agree,Agree,Disagree,Agree,Agree,Agree,Disagree,Agree,Sometimes,Rarely,Often,Sometimes,Rarely,Sometimes,Neutral,Not much characteristic of me,Neutral,Somewhat characteristic of me,Somewhat characteristic of me,Somewhat characteristic of me,Not much characteristic of me,Not at all characteristic of me.,Somewhat characteristic of me,Not at all characteristic of me.,Not much characteristic of me,Not much characteristic of me,Somewhat characteristic of me,Not much characteristic of me,Not much characteristic of me,Somewhat characteristic of me,Very characteristic of me.,Not at all characteristic of me.
2020-10-12 9:52:37,2020-10-12 10:01:56,IP Address,100,558,TRUE,2020-10-12 10:01:57,R_30tPrnOsEqVQNc4,anonymous,EN,Continue - I wish to participate in this study.,46,Female,Heterosexual,Married,X,X,X,X,X,,X,X,X,,,,4.3 hours,2 hours,1.2 hours,20 minutes,1.5 hours,,,,,,,,Nearly everyday,More than half the days,Nearly everyday,Nearly everyday,More than half the days,Several days,Not at all,Often,Slightly Satsfied,Good,Never,Below Standards,Very Much,Few,Disagree,Agree,Agree,Agree,Strongly Disagree,Agree,Agree,Strongly Agree,Agree,Agree,Rarely,Sometimes,Sometimes,Often,Rarely,Sometimes,Somewhat characteristic of me,Not much characteristic of me,Somewhat characteristic of me,Very characteristic of me.,Somewhat characteristic of me,Neutral,Very characteristic of me.,Not much characteristic of me,Somewhat characteristic of me,Not at all characteristic of me.,Not at all characteristic of me.,Not at all characteristic of me.,Not at all characteristic of me.,Very characteristic of me.,Somewhat characteristic of me,Neutral,Very characteristic of me.,Somewhat characteristic of me
2020-10-12 17:02:26,2020-10-12 17:12:00,IP Address,100,574,TRUE,2020-10-12 17:12:01,R_2WVCUP0PABy4ILs,anonymous,EN,Continue - I wish to participate in this study.,49,Female,Heterosexual,Married,X,X,,,,,X,,,,,,8,1,,,,,,,,,,,Several days,Not at all,Not at all,Not at all,Not at all,Not at all,Not at all,Average,Slightly Unsatisfied,Fair,Average,Below Standards,Mostly,Average,Agree,Disagree,Agree,Disagree,Agree,Disagree,Disagree,Agree,Agree,Disagree,Rarely,Rarely,Very Rarely,Often,Very Rarely,Very Rarely,Very characteristic of me.,Somewhat characteristic of me,Not at all characteristic of me.,Not at all characteristic of me.,Very characteristic of me.,Very characteristic of me.,Neutral,Neutral,Somewhat characteristic of me,Not much characteristic of me,Not much characteristic of me,Not at all characteristic of me.,Not at all characteristic of me.,Very characteristic of me.,Neutral,Not much characteristic of me,Very characteristic of me.,Neutral
2020-10-12 20:37:45,2020-10-12 20:45:45,IP Address,100,479,TRUE,2020-10-12 20:45:45,R_pRCbrAaMTdm3nfb,anonymous,EN,Continue - I wish to participate in this study.,45,Female,Heterosexual,Married,X,X,,,,,,,,,,,,,,,,,3 hours a week,1 hour a week,,,,,Several days,Not at all,Not at all,Not at all,Not at all,Several days,Not at all,Average,Average,Good,Never,Below Standards,Very Much,Few,Agree,Disagree,Agree,Agree,Disagree,Agree,Agree,Agree,Disagree,Agree,Sometimes,Sometimes,Sometimes,Sometimes,Rarely,Very Rarely,Neutral,Neutral,Somewhat characteristic of me,Somewhat characteristic of me,Very characteristic of me.,Somewhat characteristic of me,Neutral,Not much characteristic of me,Not at all characteristic of me.,Neutral,Not at all characteristic of me.,Not at all characteristic of me.,Neutral,Somewhat characteristic of me,Neutral,Neutral,Somewhat characteristic of me,Not much characteristic of me
2020-10-13 11:57:58,2020-10-13 12:06:38,IP Address,100,520,TRUE,2020-10-13 12:06:39,R_1iasgG1TSD9KsJS,anonymous,EN,Continue - I wish to participate in this study.,21,Female,Pansexual,In a committed relationship,X,X,X,X,X,"Tumblr, Pinterest",X,X,X,X,,,1h 17m,17m,10m,1h 37m,45m,"Tumblr 4m, Pinterest 1m",,,,,,,More than half the days,More than half the days,Nearly everyday,More than half the days,Several days,Nearly everyday,Nearly everyday,Often,Extremely Satisfied,Excellent,Seldom,Far Above Standards,Very Much,Few,Disagree,Strongly Agree,Agree,Disagree,Strongly Agree,Strongly Agree,Agree,Agree,Agree,Agree,Very Rarely,Very Rarely,Often,Rarely,Very Rarely,Very Rarely,Very characteristic of me.,Somewhat characteristic of me,Not at all characteristic of me.,Somewhat characteristic of me,Very characteristic of me.,Somewhat characteristic of me,Not much characteristic of me,Not much characteristic of me,Somewhat characteristic of me,Not much characteristic of me,Not at all characteristic of me.,Not at all characteristic of me.,Somewhat characteristic of me,Not much characteristic of me,Somewhat characteristic of me,Somewhat characteristic of me,Somewhat characteristic of me,Neutral
2020-10-13 12:47:45,2020-10-13 12:58:24,IP Address,100,638,TRUE,2020-10-13 12:58:25,R_2B3wgvGVupEYcaj,anonymous,EN,Continue - I wish to participate in this study.,21,Female,Heterosexual,In a committed relationship,X,X,,X,,,X,,X,X,,,4 hours 5 minutes,3 hours 51 minutes,,4 hours 45 minutes,,,,,,,,,Nearly everyday,More than half the days,More than half the days,More than half the days,Not at all,Several days,Not at all,Extremely Well,Extremely Satisfied,Excellent,Seldom,Average,Very Much,Very few,Agree,Agree,Strongly Agree,Strongly Agree,Disagree,Disagree,Strongly Agree,Agree,Strongly Disagree,Agree,Very Rarely,Sometimes,Very Rarely,Sometimes,Sometimes,Very Rarely,Somewhat characteristic of me,Somewhat characteristic of me,Not much characteristic of me,Not much characteristic of me,Somewhat characteristic of me,Very characteristic of me.,Neutral,Not at all characteristic of me.,Not much characteristic of me,Not much characteristic of me,Neutral,Neutral,Somewhat characteristic of me,Neutral,Not much characteristic of me,Not much characteristic of me,Very characteristic of me.,Not much characteristic of me