StartDate,EndDate,Status,IPAddress,Progress,Duration (in seconds),Finished,RecordedDate,ResponseId,RecipientLastName,RecipientFirstName,RecipientEmail,ExternalReference,LocationLatitude,LocationLongitude,DistributionChannel,UserLanguage,1,2,3,5,6,7,8,9,10,Q33_First Click,Q33_Last Click,Q33_Page Submit,Q33_Click Count,13,Q34_First Click,Q34_Last Click,Q34_Page Submit,Q34_Click Count,15,Q35_First Click,Q35_Last Click,Q35_Page Submit,Q35_Click Count,17,Q36_First Click,Q36_Last Click,Q36_Page Submit,Q36_Click Count,19,Q37_First Click,Q37_Last Click,Q37_Page Submit,Q37_Click Count,21,Q38_First Click,Q38_Last Click,Q38_Page Submit,Q38_Click Count,23,Q39_First Click,Q39_Last Click,Q39_Page Submit,Q39_Click Count,Q36,Q37,Q40_First Click,Q40_Last Click,Q40_Page Submit,Q40_Click Count,Q38,Q39,Q42_1,Q42_2,Q38 - Parent Topics,Q38 - Sentiment Polarity,Q38 - Sentiment Score,Q38 - Sentiment,Q38 - Topic Sentiment Label,Q38 - Topic Sentiment Score,Q38 - Topics
Start Date,End Date,Response Type,IP Address,Progress,Duration (in seconds),Finished,Recorded Date,Response ID,Recipient Last Name,Recipient First Name,Recipient Email,External Data Reference,Location Latitude,Location Longitude,Distribution Channel,User Language,Please select your gender.,How old are you?,What is your major?,"Use all the words provided to make a sentence:dog, ball, run","Use all the words provided to make a sentence:student, school, test","Use all the words provided to make a sentence:clothes, boy, dirty, baseball","Use all the words provided to make a sentence:cars, slow, friends, tunnel, party","Use all the words provided to make a sentence:beach, family, school, summer, ice cream.","Use all the words provided to make a sentence:prom, school, girl, ruined, shopping",Timing - First Click,Timing - Last Click,Timing - Page Submit,Timing - Click Count,"Your answer:Please separate each digit with commas, if you don't remember a digit, leave that space blank.",Timing - First Click,Timing - Last Click,Timing - Page Submit,Timing - Click Count,"Your answer:Please separate each digit with commas, if you don't remember a digit, leave that space blank.",Timing - First Click,Timing - Last Click,Timing - Page Submit,Timing - Click Count,"Your answer:Please separate each digit with commas, if you don't remember a digit, leave that space blank.",Timing - First Click,Timing - Last Click,Timing - Page Submit,Timing - Click Count,"Your answer:Please separate each digit with commas, if you don't remember a digit, leave that space blank.",Timing - First Click,Timing - Last Click,Timing - Page Submit,Timing - Click Count,"Your answer:Please separate each digit with commas, if you don't remember a digit, leave that space blank.",Timing - First Click,Timing - Last Click,Timing - Page Submit,Timing - Click Count,"Your answer:Please separate each digit with commas, if you don't remember a digit, leave that space blank.",Timing - First Click,Timing - Last Click,Timing - Page Submit,Timing - Click Count,What is going on with the boy in the yellow shirt?,What were the two words you were shown previously?,Timing - First Click,Timing - Last Click,Timing - Page Submit,Timing - Click Count,What is going on with the girl in the blue sweater?,What were the two words you were shown previously?,Please answer the following questions regarding how often you read and write. - How often do you read?,Please answer the following questions regarding how often you read and write. - How often do you write?,Q38 - Parent Topics,Q38 - Sentiment Polarity,Q38 - Sentiment Score,Q38 - Sentiment,Q38 - Topic Sentiment Label,Q38 - Topic Sentiment Score,Q38 - Topics
"{""ImportId"":""startDate"",""timeZone"":""America/Denver""}","{""ImportId"":""endDate"",""timeZone"":""America/Denver""}","{""ImportId"":""status""}","{""ImportId"":""ipAddress""}","{""ImportId"":""progress""}","{""ImportId"":""duration""}","{""ImportId"":""finished""}","{""ImportId"":""recordedDate"",""timeZone"":""America/Denver""}","{""ImportId"":""_recordId""}","{""ImportId"":""recipientLastName""}","{""ImportId"":""recipientFirstName""}","{""ImportId"":""recipientEmail""}","{""ImportId"":""externalDataReference""}","{""ImportId"":""locationLatitude""}","{""ImportId"":""locationLongitude""}","{""ImportId"":""distributionChannel""}","{""ImportId"":""userLanguage""}","{""ImportId"":""QID30""}","{""ImportId"":""QID31_TEXT""}","{""ImportId"":""QID51""}","{""ImportId"":""QID1_TEXT""}","{""ImportId"":""QID2_TEXT""}","{""ImportId"":""QID3_TEXT""}","{""ImportId"":""QID4_TEXT""}","{""ImportId"":""QID5_TEXT""}","{""ImportId"":""QID6_TEXT""}","{""ImportId"":""QID38_FIRST_CLICK""}","{""ImportId"":""QID38_LAST_CLICK""}","{""ImportId"":""QID38_PAGE_SUBMIT""}","{""ImportId"":""QID38_CLICK_COUNT""}","{""ImportId"":""QID24_TEXT""}","{""ImportId"":""QID39_FIRST_CLICK""}","{""ImportId"":""QID39_LAST_CLICK""}","{""ImportId"":""QID39_PAGE_SUBMIT""}","{""ImportId"":""QID39_CLICK_COUNT""}","{""ImportId"":""QID35_TEXT""}","{""ImportId"":""QID40_FIRST_CLICK""}","{""ImportId"":""QID40_LAST_CLICK""}","{""ImportId"":""QID40_PAGE_SUBMIT""}","{""ImportId"":""QID40_CLICK_COUNT""}","{""ImportId"":""QID25_TEXT""}","{""ImportId"":""QID41_FIRST_CLICK""}","{""ImportId"":""QID41_LAST_CLICK""}","{""ImportId"":""QID41_PAGE_SUBMIT""}","{""ImportId"":""QID41_CLICK_COUNT""}","{""ImportId"":""QID27_TEXT""}","{""ImportId"":""QID42_FIRST_CLICK""}","{""ImportId"":""QID42_LAST_CLICK""}","{""ImportId"":""QID42_PAGE_SUBMIT""}","{""ImportId"":""QID42_CLICK_COUNT""}","{""ImportId"":""QID28_TEXT""}","{""ImportId"":""QID43_FIRST_CLICK""}","{""ImportId"":""QID43_LAST_CLICK""}","{""ImportId"":""QID43_PAGE_SUBMIT""}","{""ImportId"":""QID43_CLICK_COUNT""}","{""ImportId"":""QID29_TEXT""}","{""ImportId"":""QID44_FIRST_CLICK""}","{""ImportId"":""QID44_LAST_CLICK""}","{""ImportId"":""QID44_PAGE_SUBMIT""}","{""ImportId"":""QID44_CLICK_COUNT""}","{""ImportId"":""QID46_TEXT""}","{""ImportId"":""QID47_TEXT""}","{""ImportId"":""QID45_FIRST_CLICK""}","{""ImportId"":""QID45_LAST_CLICK""}","{""ImportId"":""QID45_PAGE_SUBMIT""}","{""ImportId"":""QID45_CLICK_COUNT""}","{""ImportId"":""QID48_TEXT""}","{""ImportId"":""QID49_TEXT""}","{""ImportId"":""QID52_1""}","{""ImportId"":""QID52_2""}","{""ImportId"":""QID48_TEXT_ff9025d8d5b64357bf5748edParTopics""}","{""ImportId"":""QID48_TEXT_ff9025d8d5b64357bf5748edSenPol""}","{""ImportId"":""QID48_TEXT_ff9025d8d5b64357bf5748edSenScore""}","{""ImportId"":""QID48_TEXT_ff9025d8d5b64357bf5748edSentiment""}","{""ImportId"":""QID48_TEXT_ff9025d8d5b64357bf5748edTopicSenLabel""}","{""ImportId"":""QID48_TEXT_ff9025d8d5b64357bf5748edTopicSenScore""}","{""ImportId"":""QID48_TEXT_ff9025d8d5b64357bf5748edTopics""}"
10/6/2020 10:39,10/6/2020 10:45,IP Address,174.225.7.217,100,408,TRUE,10/6/2020 10:45,R_3QQ9m1bnr5NZirt,,,,,40.80220032,-74.19139862,anonymous,EN,Female,22,College of Humanities and Social Science,the dog runs after a ball,the student took a test at school,the boy got his clothes dirty while playing baseball ,after the party my friends drove slowly through the tunnel ,after summer school my family went to the beach and got ice cream,"at school, a girl talked about how she went shopping for prom and then ruined her shirt at the mall",0,0,2.01,0,"3, 2, 0",0,0,2.008,0,"6, 1, 4",0,0,2.107,0,"4, 7, 6",0,0,2.007,0,"8, 24, 10",0,0,2.007,0,"11, 33, 20",0,0,2.107,0,"91, 55, 80",0,0,2.008,0,he’s playing in the leaves ,towel dog ,0,0,2.008,0,she’s a bully ,bag purse ,3-4 times per week,Everyday,,0,-5,Negative,,,Unknown
10/6/2020 10:43,10/6/2020 10:59,IP Address,24.0.163.71,100,938,TRUE,10/6/2020 10:59,R_1ro8MsHbIvFwnZi,,,,,39.97689819,-74.16010284,anonymous,EN,Female,21,College of Science and Health,The dog ran fast in order to get the ball.,The student goes to school to learn the material for the test.,The boy got his clothes all dirty while playing baseball,The friends were in different cars and they all got stuck in the same traffic jam in the tunnel on the way to the party. ,"During the summer, my family spends everyday at the beach, and we always get ice cream the night before school starts. ","The girl ruined her prom dress at school, but she had time to go shopping for a new one.",1.896,1.896,2.146,1,"3,2,0",0,0,2.146,0,"6,1,4",0,0,2.15,0,"4,7,6",0,0,2.148,0,"8,24,10",0,0,2.148,0,"11,33,18",0,0,2.145,0,"91,55,40",0,0,2.146,0,He’s playing in the leaves.,Towel dog ,0,0,2.145,0,She’s laughing and staring at the girl who’s falling.,Bat purse ,3-4 times per week,3-4 times per week,,1,-4,Negative,,,Unknown
10/6/2020 10:49,10/6/2020 11:03,IP Address,47.17.11.47,100,844,TRUE,10/6/2020 11:03,R_2CyypsKCwwEbSht,,,,,40.59210205,-74.62380219,anonymous,EN,Male,20,College of Science and Health,The dog had to run after the ball.,The student took a test at school.,The boy had dirty clothes from baseball practice. ,The car full of friends went slow through the tunnel on the way to the party.,"After school ended in the summer, my family went to the beach and ate icecream.","The girl went shopping for prom, but the school almost ruined her chance of going.",0,0,2.007,0,"3, 2, ",0,0,2.107,0,"6, 1, 4",0,0,2.007,0,"4, 7, 6",0,0,2.008,0,"8, 24, 10",0,0,2.009,0,"11, 33, 18",0,0,2.006,0,"91, 55, 40",0,0,2.108,0,He is playing the pile of leaves. ,Towel dog,0,0,2.006,0,The girl is making fun of the girl who slipped in the cafeteria. ,Bat purse,3-4 times per week,1-2 times per week,,0,3,Positive,,,Unknown
10/6/2020 10:56,10/6/2020 11:08,IP Address,69.126.202.205,100,678,TRUE,10/6/2020 11:08,R_dop4RlalaSZDW2R,,,,,40.99819946,-74.16619873,anonymous,EN,Female,20,College of Science and Health,The dog decided to run towards the ball.,"I am a student at this school, and I'm taking a test.",The boy came home from his baseball game with dirty clothes.,The group of friends drove slowly through a tunnel in their cars on the way to a party,"My family went to the beach in the summer on a school brake, and we ate ice cream.","The girl went shopping for her prom dress for her school dance, but it was ruined when she brought it home.",0,0,2.006,0,"3, 2, 0",0,0,1.454,0,"6, 1, 4",0,0,1.546,0,"4, 7, 6",0,0,2.006,0,"8, 26, ,",0,0,1.215,0,"11, 33, 18",0,0,2.104,0,"91, 55, 40",0,0,2.007,0,He is jumping in the pile of leaves.,towel dog,0,0,1.433,0,She is looking at the girl who is falling. ,bat purse,Everyday,Everyday,,0,-6,Negative,,,Unknown
10/6/2020 11:03,10/6/2020 11:12,IP Address,47.17.22.153,100,514,TRUE,10/6/2020 11:12,R_3hmXLjZ8h32XZji,,,,,40.99789429,-74.29029846,anonymous,EN,Male,20,College of Business,took my dog on a run and he wanted to play ball.,the students at the school take a test every month.,the boy had dirty clothes after his baseball game.,"i meet my freinds at the party, when we left there was traffic in the tunnel as all the cars moved extremely slow.",went to the beach with my family on summer break and had ice cream.,prom was coming up for school and the girl was sad her shopping was ruined.,0,0,2.107,0,"5,4,2",0,0,2.007,0,"8,3,6",0,0,2.107,0,"6,9,8",0,0,2.007,0,"10,26,12",0,0,2.006,0,"13,35,20",0,0,2.007,0,"93,47,52",0,0,2.108,0,he is jumping in leafs ,"towel, dog ",0,0,2.006,0,shes laughing at the first with the yellow shirt.,"bat, purse",Everyday,1-2 times per week,,0,1,Positive,,,Unknown
10/6/2020 10:55,10/6/2020 11:28,IP Address,47.17.11.47,100,2012,TRUE,10/6/2020 11:28,R_1HbZq0CExjS0Mjt,,,,,40.59210205,-74.62380219,anonymous,EN,Female,18,College of Science and Health,The dog runs to get the ball.,"At school, students take tests.",The boy's clothes are dirty because he played baseball. ,The friends wanted to go to a party but the cars were slow in the tunnel.,"It is summer so school is out, and the family went to the beach to eat ice cream.",The school girl went prom dress shopping but it was ruined.,0,0,2.016,0,"3,2,0",0,0,2.007,0,"6,1,4",0,0,2.113,0,"4,7,6",0,0,2.014,0,"8,24,10",0,0,2.013,0,"11,33,18",0,0,2.113,0,"91,55,40",0,0,2.119,0,He is jumping in the leaves.,towel dog,0,0,2.108,0,She is laughing at the girl that is falling.,Bat Purse,Everyday,Everyday,,1,-4,Negative,,,Unknown
10/6/2020 11:31,10/6/2020 11:37,IP Address,149.151.44.75,100,323,TRUE,10/6/2020 11:37,R_2tu0qWfd5rCILPE,,,,,40.94509888,-74.25309753,anonymous,EN,Female,21,College of Humanities and Social Science,the dog had to run to get the ball,"To prepare for the test, the student got to school early",the boy's clothes were dirty after baseball practice,"The cars in the tunnel were driving too slow, making the friends late to the party","When school let out for summer, the family went to the beach and ate ice cream",The girl ruined her prom dress and needed to go shopping for a new one at the last minute,0,0,2.107,0,"3,2,0",0,0,2.107,0,"6,1,4",0,0,2.006,0,"4,7,6",0,0,2.006,0,"8,24,10",0,0,2.007,0,"11,33,18",0,0,2.107,0,"91,55,40",0,0,2.006,0,he is jumping in the pile of leaves,"towel, dog",0,0,2.006,0,she is bullying the girl in yellow,"bat, purse",1-2 times per week,3-4 times per week,,0,-6,Negative,,,Unknown
10/6/2020 11:27,10/6/2020 11:47,IP Address,24.190.228.129,100,1207,TRUE,10/6/2020 11:47,R_21FzVoBgpgX51YF,,,,,40.99789429,-74.29029846,anonymous,EN,Female,21,College of Science and Health,My dog and I run to the ball.,The student takes a test in school.,The boy has dirty baseball clothes.,My friends and I drive our cars slowly through the tunnel to a party.,I love summer because there is no school and I go to the beach with my family and we get ice cream.,That girl in my school ruined my prom shopping experience.,0,0,2.006,0,"3, 2, 0",0,0,2.007,0,"4, 1, 4",0,0,2.006,0,"4, 7, 6",0,0,2.007,0,"8, 24, 10",0,0,2.008,0,"11, 32, 18",0,0,2.006,0,"91, 54, 40",0,0,2.107,0,he is jumping in the leaves,"towel, dog",0,0,1.692,0,she's laughing at the girl falling,"bat, purse",Everyday,3-4 times per week,,0,-5,Negative,,,Unknown
10/6/2020 11:47,10/6/2020 11:57,IP Address,24.0.207.212,100,607,TRUE,10/6/2020 11:57,R_3n63xipvTXNS2pn,,,,,40.78759766,-74.05999756,anonymous,EN,Female,23,College of Arts and Communication,The dog will run after his ball to play catch.,The test will be taken by the student in school.,The boy got his clothes all dirty outside playing baseball.,The friends drove their cars slow through the tunnel on their way to the party.,"When school ended for summer break, my family got ice cream, and brought it to the beach.",Prom might be ruined for the girl who can't leave school to go shopping. ,0,0,2.11,0,"3, 2, 0",0,0,2.11,0,"6,1,4",0,0,2.109,0,"4,7,6",0,0,2.007,0,"8,24,10",0,0,2.109,0,"11,33,18",0,0,2.008,0,"91,55, , ",0,0,2.108,0,he is jumping into the leaves ,"towel, dog",0,0,2.008,0,She is watching and laughing the girl drop her food and fall. ,"bat, purse",Everyday,Everyday,,1,1,Positive,,,Unknown
10/6/2020 13:06,10/6/2020 13:20,IP Address,47.18.25.2,100,826,TRUE,10/6/2020 13:20,R_2PopAGpRJCsxFa0,,,,,40.63150024,-74.51029968,anonymous,EN,Female,21,College of Science and Health,The dog likes to run and chase the ball. ,The student took a test at school. ,The boy changed his dirty clothes after baseball practice. ,"My friends drove to the party, but then had slow, tunnel vision when arriving. ",I skipped summer school to go to the beach with my family to get ice cream. ,The school had ruined prom dress shopping for the girl by canceling the dance. ,0,0,2.013,0,"3, 2, 1",0,0,2.009,0,"6, 1, 4",0,0,2.109,0,"4, 7, 6",0,0,2.109,0,"8, 24, 10",0,0,2.01,0,"11, 33, 18",0,0,2.008,0,"91, 55, 40",0,0,2.11,0,Jumping in the leaves ,towel dog ,0,0,2.01,0,"Hands on hips, laughing",bat purse ,Everyday,1-2 times per week,,0,1,Positive,,,Unknown
10/6/2020 14:11,10/6/2020 14:18,IP Address,172.58.239.83,100,382,TRUE,10/6/2020 14:18,R_SC38ofMsFl1XeKZ,,,,,40.78860474,-74.16339874,anonymous,EN,Female,23,College of Science and Health,The dog was running after the ball. ,The student is taking her history test this week at school. ,The boy who played baseball outside all day came back home with dirty clothes.,"On our way to our friends party, the cars in the Lincoln tunnel are moving so slow","Once school is done for the summer, our family is going to the beach and getting ice cream.",The girl shopping for her school prom dress ended up getting ruined.,0,0,1.501,0,5 4 2 ,0,0,0.755,0,"8,3,6 ",0,0,0.61,0,"6,9,8",0,0,0.644,0,"10,26,12",0,0,0.554,0,"13,35,.,",0,0,0.363,0,"93,57,42",0,0,0.857,0,Jumping in the leaves,Towel dog ,0,0,0.851,0,Bullying ,Bat ,3-4 times per week,Never,,0,-6,Negative,,,Unknown
10/6/2020 14:23,10/6/2020 14:38,IP Address,67.85.229.182,100,868,TRUE,10/6/2020 14:38,R_124omODOtUjChfC,,,,,40.63780212,-74.45140076,anonymous,EN,Female,21,College of Science and Health,The dog runs for the ball. ,School students take tests. ,The baseball boys clothes are dirty. ,The friends cars move slow through the tunnel on the way to the party. ,The Smith family goes to the beach in the summer and eat a lot of ice cream before school starts.,"The school girl went shopping for her prom dress, but the dress got ruined.",0,0,2.009,0,"3, 2, 0",0,0,1.243,0,"6,1,4",0,0,0.867,0,"4,7,6",0,0,2.111,0,"8, 24, 10",0,0,1.148,0,"11 ,33, 18",0,0,2.003,0,"91, 55, 40",0,0,2.009,0,He is jumping in the leaves. ,towel and dog ,0,0,2.106,0,She is watching the girl in the yellow sweater fall. ,bat and purse,1-2 times per week,Never,,0,0,Neutral,,,Unknown
10/6/2020 14:51,10/6/2020 15:07,IP Address,100.35.122.5,100,925,TRUE,10/6/2020 15:07,R_245xxgcLfhaegDw,,,,,41.00950623,-74.00789642,anonymous,EN,Female,20,College of Science and Health,My dog can run after the ball,The student took a test at school,The boy has dirty clothes from baseball practice ,The slow cars went through the tunnel after coming home from a friend’s party. ,The family went to the beach in the summer and ate ice cream. ,The girl went shopping for a prom dress but got her outfit ruined. ,1.545,1.545,2.012,1,"3, 0,2",0,0,2.109,0,"6,1,4",0,0,2.01,0," 4,7,6",0,0,2.11,0,"8,24,10",0,0,2.009,0,"11,33,18",0,0,2.108,0,"91,55,30",0,0,2.009,0,Jumping into a pile of leaves ,Dog and towel ,0,0,2.009,0,Laughing at the girl who is falling down. ,Bat and purse ,Everyday,3-4 times per week,,1,-5,Negative,,,Unknown
10/6/2020 15:11,10/6/2020 15:18,IP Address,174.225.129.195,100,380,TRUE,10/6/2020 15:18,R_3JwUKlNFvRf1dCy,,,,,40.83850098,-74.10410309,anonymous,EN,Female,22,College of Science and Health,The dog ran to the ball,The student took a test at school,The boy’s clothes got dirty at baseball,The friends car went slow through the tunnel to the party,The family went to the beach in the summer for ice cream before school. ,The school girl ruined her shirt while shopping for prom,0,0,2.01,0,"3, 2, 0",0,0,2.008,0,"6, 1, 4",0,0,2.008,0,"4, 7, 6",0,0,2.007,0,"8, 24, 10",0,0,2.008,0,"11, 33, 18",0,0,2.009,0,"91, 55, 20",0,0,2.108,0,Jumping in leaves,Towel and dog,0,0,2.008,0,She’s laughing at the girl who is falling,Bat and purse,Everyday,3-4 times per week,,1,-4,Negative,,,Unknown
10/6/2020 12:38,10/6/2020 20:00,IP Address,47.18.25.2,100,26541,TRUE,10/6/2020 20:00,R_Of1wOjZQORKkNvb,,,,,40.63150024,-74.51029968,anonymous,EN,Female,21,College of Arts and Communication,The dog runs to get the ball. ,The student has to take a test for school. ,The boy got his clothes dirty while playing baseball.,The friends drove their cars slowly under the tunnel to get to their party. ,"During summer after the school year, my family goes to the beach and eats ice cream. ",The school’s prom got ruined when the girl couldn’t go shopping for a dress. ,0,0,2.112,0,"3,2,0",0,0,2.01,0,"6,0,4",0,0,2.009,0,"4,7,6",0,0,2.009,0,"8,22,2",0,0,2.007,0,"11,13,18",0,0,2.009,0," , , ,",0,0,2.011,0,Plays with leaves,Towel dog ,0,0,2.11,0,Watching the girl fall,Bat purse,Everyday,Everyday,,0,-1,Negative,,,Unknown
10/7/2020 8:53,10/7/2020 8:59,IP Address,24.44.72.189,100,393,TRUE,10/7/2020 8:59,R_1hW3nuCK7cj40hI,,,,,40.94509888,-74.25309753,anonymous,EN,Male,21,College of Education,The dog caught the ball whilst going for a run,The student failed the test for school,The boy threw the baseball at his dirty clothes,Friends had a slow party in the tunnel in their cars,Summer ice cream sales funded the family beach trip ,The school girl ruined her prom night by shopping instead ,1.599,1.599,2.01,1,"3,-1,0",0,0,2.111,0,"6,1,4",0,0,2.009,0,"5,7,6",0,0,2.012,0,"8,24,10",0,0,2.11,0,"11,33,18",0,0,2.11,0,"91,55,40",0,0,2.107,0,Jumping into leaves ,Towel dog,0,0,2.008,0,Bystander ,Bat purse,3-4 times per week,1-2 times per week,,0,-1,Negative,,,Unknown
10/7/2020 9:03,10/7/2020 9:09,IP Address,69.125.202.155,100,351,TRUE,10/7/2020 9:09,R_09uwqcWjEYStXcB,,,,,41.03430176,-74.51670074,anonymous,EN,Female,22,College of Humanities and Social Science,I threw the ball for the dog and he saw him run after it,"As a student, I understand school must have tests ","When I have kids, I want a boy who will play baseball even if that means washing his dirty clothes",I was going to a party with my friends But the cars in the tunnel all went slow,"When school lets out for summer, my family goes to the beach for ice cream ","A girl went shopping for the school prom, and the dress she wanted was ruined ",0,0,2.113,0,"3, 0, 2",0,0,2.109,0,"6, 1, 4",0,0,2.01,0,"4, 7, 6",0,0,2.008,0,"8, 24, 10",0,0,2.009,0,"11, 33, 18",0,0,2.11,0,"91, 55, 40",0,0,2.011,0,He’s playing in the leaves ,"Towel, dog",0,0,2.009,0,She is laughing ,"Bat, purse ",Never,1-2 times per week,,0,1,Positive,,,Unknown
10/7/2020 9:09,10/7/2020 9:17,IP Address,149.151.83.56,100,467,TRUE,10/7/2020 9:17,R_2t2VTkrizVBhjt1,,,,,39.9499054,-75.08799744,anonymous,EN,Male,20,College of Science and Health,The dog wanted to run towards the ball,The student took a test at school,The boy got his clothes dirty from playing baseball,"After leaving a party with friends, they reached a tunnel with many slow cars","When school got out for summer, the family decided to go to the beach and get ice cream",Preasure from school prom ruined the girl's love for dress shopping,0,0,2.015,0,"3, 2, 0",0,0,2.116,0,"6, 1, 4",0,0,2.016,0,"4, 7, 6",0,0,2.014,0,"8, 24, 10",0,0,2.016,0,"11, 33, 18",0,0,2.123,0,"91, 55, 40",0,0,2.007,0,He's playing with a pile of leaves.,"Towel, dog",0,0,2.119,0,She's laughing at the girl falling.,"Bat, purse",1-2 times per week,Everyday,,0,-5,Negative,,,Unknown
10/7/2020 9:11,10/7/2020 9:18,IP Address,168.216.130.57,100,424,TRUE,10/7/2020 9:18,R_20PeXM9j75DkqlU,,,,,39.45249939,-77.96720123,anonymous,EN,Female,23,College of Arts and Communication,The dogs run to the ball,The student are at school for a test,The boys clothes are dirty from baseball ,There were slow cars in the tunnel to their friends party ,School is over for the summer so my family went for ice cream at the beach ,The girl is shopping because she ruined her dress for the school’s prom ,1.658,1.658,2.111,1,"3,2,0",0,0,2.11,0,"6,1,4",0,0,2.111,0,"4,7,6",0,0,2.008,0,"8,24,10",0,0,2.008,0,"11,33,18",0,0,2.108,0,"91,55,44",0,0,2.01,0,Jumping in leaves ,Towel dog ,0,0,2.11,0,Laughing at the girl who fell ,Bat purse ,Everyday,Everyday,,1,-1,Negative,,,Unknown
10/7/2020 9:48,10/7/2020 9:58,IP Address,149.151.76.207,100,602,TRUE,10/7/2020 9:58,R_3M3bwF8pQL0tJW1,,,,,40.94509888,-74.25309753,anonymous,EN,Male,21,College of Science and Health,I run with my dog dribbling a soccer ball.,At school the student had a test.,The boy got his clothes dirty playing baseball.,The cars driving through the tunnel was slow as the friends passed by on the way to a party.,Once school let out my family went to the beach to kick off the summer and we got ice cream.,The girl went dress shopping for her school prom and her mother ruined the experience.,0,0,1.848,0,"3,2,0",0,0,1.577,0,"6,1,4",0,0,1.946,0,"4,7,6",0,0,2.011,0,"8,24,10",0,0,2.008,0,"11,33,18",0,0,2.008,0,"91,55,40",0,0,2.108,0,Jumping into a pile of leaves,Towel Dog,0,0,2.108,0,Bullying the girl in yellow,Bat Purse,1-2 times per week,Never,,0,-6,Negative,,,Unknown
10/7/2020 10:35,10/7/2020 10:42,IP Address,148.88.245.6,100,467,TRUE,10/7/2020 10:42,R_W6eNTShCvfCcYaR,,,,,54.07949829,-2.727203369,anonymous,EN,Male,20,College of Science and Health,The dog's ball can't run. ,Students test in school. ,The dirty boy's baseball. ,A slow party sent the friends to their cars. ,A beach had ice cream for the family and the school on a summer trip. ,A school ruined the girl's prom shopping.,0,0,2.007,0,"3,4,0",0,0,2.008,0,"6,1,4",0,0,2.108,0,"4,7,8",0,0,2.008,0,"8, 24, 10",0,0,2.108,0,"11,33,18",0,0,2.008,0,"91, 55, 40",0,0,2.008,0,"He's jumping into the leaves. 
","towel, dog",0,0,2.108,0,She's about to laugh at the girl who's slipping. ,"bat, purse",Everyday,3-4 times per week,,0,2,Positive,,,Unknown
10/7/2020 14:53,10/7/2020 15:00,IP Address,173.54.65.149,100,410,TRUE,10/7/2020 15:00,R_2R35lUpnGdQBuj0,,,,,40.90570068,-74.07900238,anonymous,EN,Female,21,College of Arts and Communication,The dog will run to get the ball. ,Students go to school to take a test. ,"After the baseball game, the boys clothes were dirty. ",The friends were in the way to the party but the cars in the tunnel were slow. ,Schools out for summer so my family went to the beach for ice cream. ,The girl’s prom shopping for school was ruined when she ripped the dress. ,0,0,2.11,0,"3,2,0",0,0,2.008,0,"6,1,4",0,0,2.108,0,"4,7,6",0,0,2.108,0,"8,24,10",0,0,2.008,0,"11,32,18",0,0,2.007,0," , , ,",0,0,2.007,0,Jumping into leaves,Towel dog ,0,0,2.008,0,She’s laughing at the girl falling,Bat purse,1-2 times per week,3-4 times per week,,,,,,,
10/7/2020 15:39,10/7/2020 15:47,IP Address,46.199.240.190,100,520,TRUE,10/7/2020 15:47,R_veogap7wLVvpcuR,,,,,34.68739319,33.03660583,anonymous,EN,Female,22,College of Arts and Communication,The dog runs after the ball,The student studies at school for the test,The baseball clothes of the boy are dirty ,Their friends slowed down at the tunnel with their cars to go to the party,During the summer the family went after school for ice cream at the beach,The girl's school prom was ruined after shopping,0,0,2.016,0,"3,2,0",0,0,2.009,0,"6,1,4",0,0,2.012,0,"4,7,6",0,0,2.112,0,"8, 24,10",0,0,2.014,0,"11, 33, 18",0,0,2.11,0,"91, 55, 40",0,0,2.112,0,He is jumping on leaves," Towel, dog",0,0,1.928,0,She is laughing at the falling girl,"Bat, purse",Everyday,Everyday,,,,,,,
10/7/2020 18:13,10/7/2020 18:20,IP Address,107.77.225.160,100,427,TRUE,10/7/2020 18:20,R_3EZl2e3npnLzrPk,,,,,40.84939575,-73.9016037,anonymous,EN,Female,18,College of Humanities and Social Science,I did not run to get the dog ball,School tests make students nervous.,Boys’ baseball clothes are dirty.,"Yesterday, we drove really slow in our car while passing a tunnel party","I love summer because school is done, I got to the beach with my family, and I eat a lo fo ice cream","A girl went shopping for her school prom dress, but it was ruined on the drive back home",0,0,2.014,0,"3, 2, 0",0,0,2.017,0,"6, 1, 4",0,0,2.007,0,"2, 7, 6",0,0,2.109,0,"8, 24, 10",0,0,2.109,0,"11, 33, 18",0,0,2.009,0,"2, 4, 6",0,0,2.009,0,He’s jumping in a pile of leaves,Towel dog,0,0,2.01,0,She is laughing at a girl falling in the cafeteria,Bat purse,Everyday,Everyday,,,,,,,
10/8/2020 7:50,10/8/2020 7:57,IP Address,137.226.236.240,100,439,TRUE,10/8/2020 7:57,R_2bIvpk8xEcudHTs,,,,,50.74789429,6.048492432,anonymous,EN,Female,24,College of Science and Health,the dog is running after the ball,In school students have tests,The boy was playing baseball and his clothes are now dirty,After the party my friends drove with their cars slowly through the tunnel,When school ends i will spend my summer with my family on the beach and eat lots of ice cream,Any girl is excited to go shopping for the school prom and hopes that everything goes perfectly otherwise the night will be ruined,0,0,2.128,0,"3,2,0",0,0,2.017,0,"6,1,4",0,0,2.028,0,"4,7,6",0,0,2.025,0,"8,24,10",0,0,2.02,0,"11,33,18",0,0,2.128,0,"91,55,40",0,0,2.126,0,He is playing with the leaves,towel dog,0,0,2.139,0,She is laughing at the other girl,bat purse,Everyday,1-2 times per week,,,,,,,
10/10/2020 0:22,10/10/2020 0:32,IP Address,62.228.31.168,100,616,TRUE,10/10/2020 0:32,R_3J34ZjKgFB12PFn,,,,,35.1638031,33.36390686,anonymous,EN,Female,24,College of Arts and Communication,The god run to get the ball,The school tested the students,The boy playing baseball made his clothea dirty,There is a tunnel party that you go with friends in a very slow car ride,This summer after school ends wilk go to the veack with family to get ice cream,The girl went for shopping her prom dress but took it to the school and it got ruined,0,0,2.017,0,3 2 0,0,0,2.013,0,6 1 4,0,0,2.013,0,4 7 6,0,0,2.014,0,8 24 10,0,0,2.013,0,11 33 8,0,0,2.011,0,91 52 ,0,0,2.013,0,He is having fun,Towel dog,0,0,2.113,0,Making fun if the girl falling,Bat purse,3-4 times per week,3-4 times per week,,,,,,,
10/7/2020 14:39,10/10/2020 13:38,IP Address,128.0.246.52,100,255527,TRUE,10/10/2020 13:38,R_07XueFIN0N7j58R,,,,,35.1638031,33.36390686,anonymous,EN,Male,22,College of Science and Health,A dog run to get the ball.,The student had a math test in school today.,"The boy played baseball, so his clothes got dirty.","The cars moved really slow when we got near the tunnel, so my friends and I threw a party.","In the summer, when school is finished, i will be all day at the beach eating ice cream with my family.",The dreams of a perfect school prom the girl had were ruined because she did not manage to go shopping.,0,0,2.014,0,"3, 0, 2",0,0,2.111,0,"6, 1, 4",0,0,2.012,0,"4, 7, 6",0,0,2.007,0,"8, 24, 10",0,0,2.112,0,"11, 33,18",0,0,2.011,0,"91, 55, 40",0,0,2.011,0,He is peeing.,Towel dog,0,0,2.011,0,She threw the other girl down.,Bat purse,Everyday,3-4 times per week,,,,,,,
10/12/2020 14:21,10/12/2020 14:32,IP Address,107.77.202.72,100,655,TRUE,10/12/2020 14:32,R_1Q3eH4ck9CAblBX,,,,,38.82629395,-77.21109772,anonymous,EN,Female,24,College of Business,We watched the dog run after the ball.,The student went to school to take a test.,The clothes are dirty because the boy played baseball today. ,"On our way to a party with my friends, our cars had to drive slow due to traffic under the tunnel.","Instead of going to school, my family takes us to our summer beach house to get ice cream.",The girl went shopping for a prom dress after her last one got ruined after school. ,0,0,2.013,0,123,0,0,2.022,0,123,0,0,2.009,0,567,0,0,2.108,0,"10,11,13",0,0,2.109,0,"13,14,17",0,0,2.013,0,"93,94,95",0,0,2.11,0,Jumping in leaves,Dog towel,0,0,2.014,0,She’s being rude ,Bat purse,1-2 times per week,1-2 times per week,,,,,,,
10/12/2020 14:28,10/12/2020 14:36,IP Address,24.228.109.99,100,433,TRUE,10/12/2020 14:36,R_PA7QH9cF0QEZaQp,,,,,40.86219788,-73.89019775,anonymous,EN,Female,23,College of Science and Health,The dog had to run to fetch the ball.,"To take their test, the student had to drive to the school.",His clothes were dirty because the boy played baseball.,"Our friends took multiple cars through the tunnel to the party, so they took it slow.",School is out for the summer so I intend on spending time with my family at the beach where we will eat ice cream.,The girl went shopping for her school prom but the dress she bought was ruined by the rain. ,0,0,2.113,0,"5,4,2",0,0,2.011,0,"8,3,6",0,0,2.01,0,"6,9,8",0,0,2.11,0,"10,26,12",0,0,2.11,0,"13,35,20",0,0,2.11,0,"93,57,42",0,0,2.009,0,Jumping in the leaves.,Towel dog,0,0,2.11,0,She is bullying the girl falling.,Bat purse,1-2 times per week,1-2 times per week,,,,,,,
10/12/2020 14:34,10/12/2020 14:43,IP Address,98.221.163.205,100,494,TRUE,10/12/2020 14:43,R_3Lbf7ROZ7ijSZgS,,,,,40.4855957,-74.62650299,anonymous,EN,Female,22,College of Humanities and Social Science,The dog runs to the ball,The students in school had a test,The boys clothes were dirty from baseball,Our friends from the party drove several cars through the tunnel slowly,School ended so my family went to the beach this summer and had lots of ice cream,A girl could not go shopping for the school prom so her day was ruined,0,0,2.125,0,"3,2,1",0,0,2.009,0,"6,1,4",0,0,2.008,0,"4,7,6",0,0,2.009,0,"8,24,10",0,0,2.01,0,"11,23,18",0,0,2.109,0,"91,55,40",0,0,2.009,0,He is jumping into the leaves,"Dog, Towel",0,0,2.009,0,She is falling with all the food,"Bat, ?",1-2 times per week,1-2 times per week,,,,,,,
10/12/2020 14:48,10/12/2020 14:55,IP Address,73.33.135.243,100,434,TRUE,10/12/2020 14:55,R_2Qij4WnfeylQYLa,,,,,40.4855957,-74.62650299,anonymous,EN,Female,21,College of Humanities and Social Science,The dog saw a ball and went for a run,The student at school took a test,The boys’s clothes got dirty after baseball,The friends went slow through the tunnel after the party,After school the family went to the beach and got ice cream for a nice summer day,After school the girl went shopping so prom wasn’t ruined,1.248,1.781,2.009,2,"3,2,0",0,0,2.009,0,"6,1,4",0,0,2.008,0,"4,7,6",0,0,2.009,0,"8,24,10",0,0,2.009,0,"11,23,18",0,0,2.008,0,"91,42,13",0,0,2.009,0,He’s jumping into a leaf pile ,Towel dog ,0,0,2.008,0,She’s laughing at the girl falling ,Bat purse ,1-2 times per week,3-4 times per week,,,,,,,
10/5/2020 12:56,10/5/2020 14:56,IP Address,100.8.192.74,35,7190,FALSE,10/12/2020 14:56,R_3IYsuIOKtRQs9pX,,,,,,,anonymous,EN,Female,22,College of Arts and Communication,dog ball run now please,student school test now please,clothes boy irty baseball now please,cars slow firends tunnel party now please,beach family school summer ice cream dog cat,prom school girl ruined shopping dog cat,0,0,2.007,0,,0,0,2.108,0,,,,,,,,,,,,,,,,,,,,,,,,,,,,,,,,,,,,,,,,,,
10/12/2020 15:51,10/12/2020 15:58,IP Address,149.151.86.161,100,418,TRUE,10/12/2020 15:58,R_3qKiqK8sTKbX3g8,,,,,40.94509888,-74.25309753,anonymous,EN,Female,20,College of Arts and Communication,The dog will run after the ball,The student took the test in school,The boy put his dirty baseball clothes in the wash,The friends got in their slow cars and drove through the tunnel to the party,The children left school for the summer and the family drove to the beach and got ice cream,The girl went shopping for her school prom because her dress was ruined,1.692,1.692,2.108,1,"3, 2, 0",0,0,2.011,0,"6, 1, 4",0,0,2.008,0,"4, 7, 6",0,0,2.111,0,"8, 24, 10",0,0,2.01,0,"11, 33, 18",0,0,2.008,0,"91, 55, 40",0,0,2.107,0,Jumping in a pile of leaves,"Towel, dog",0,0,2.008,0,Laughing at the girl falling,"Bat, pull",3-4 times per week,1-2 times per week,,,,,,,
10/12/2020 15:43,10/12/2020 16:05,IP Address,172.58.236.27,100,1343,TRUE,10/12/2020 16:05,R_24uRIqtUpRGOst9,,,,,40.75970459,-74.18360138,anonymous,EN,Female,19,College of Science and Health,The dog will run after the ball. ,The student had to report to school for a test.  ,The boy came home with dirty clothes after playing baseball. ,"After coming from a party, the friends made sure to drive slow through the tunnel full of cars.","Once school ends for the summer, my family loves to go to the beach and eat ice cream.",The girl threw a fit and said her high school prom was ruined because she couldn’t go shopping for a dress.,0,0,2.037,0,"2,1,0",0,0,2.036,0,"6, 1, 4",0,0,2.036,0,"4,7,6",0,0,2.037,0,"8,24,10",0,0,2.036,0,"11,33,18",0,0,2.037,0,"91,55,30",0,0,2.038,0,The boy in the yellow shirt is jumping in a pile of leaves. ,"Towel, dog",0,0,2.038,0,She’s mocking the girl with the yellow sweater who slipped and spilled her food. ,"Bat, purse",Everyday,3-4 times per week,,,,,,,
10/12/2020 15:43,10/12/2020 16:08,IP Address,172.58.236.161,100,1471,TRUE,10/12/2020 16:08,R_2y7LHVfl8syPIFp,,,,,40.75970459,-74.18360138,anonymous,EN,Female,18,College of Science and Health,The dog grabbed the ball and ran.,The school administered tests to the students.,The boy’s dirty clothes had to be washed from baseball.,The friends missed the party due to their slow and broken cars that broke down in the tunnel.,The family spend their summer out of school at the beach eating ice cream.,The girl went shopping for her school prom but ruined her dress with makeup.,0,0,2.113,0,"3, 2 ",0,0,2.01,0,"6, 1, 4",0,0,2.01,0,"4, 7, 6",0,0,2.109,0,"8, 24, 10",0,0,2.009,0,"11, 33, 18",0,0,2.01,0,"91, 55, 30",0,0,2.007,0,He is playing in the leaves.,Towel and dog,0,0,2.009,0,She is laughing at the girl that fell.,Bat and purse,Everyday,Everyday,,,,,,,
10/12/2020 16:12,10/12/2020 16:18,IP Address,69.124.193.207,100,358,TRUE,10/12/2020 16:18,R_2uy16YmoGTLflXT,,,,,41.17289734,-74.37909698,anonymous,EN,Female,21,College of Science and Health,The dog went to run after the ball. ,The student had a test at school today. ,The boy made his clothes all dirty during baseball practice. ,The cars drove slow to the party to meet their friends. ,"The family got ice cream as a tradition on their way home from the beach during the summer, right before school began. ","The prom dress was ruined, therefore the girl had to go shopping after school. ",0,0,2.011,0,"3,2,0",0,0,2.009,0,"6,1,4",0,0,2.009,0,"4,7,6",0,0,2.009,0,"8,24,10",0,0,2.009,0,"11, , ",0,0,2.01,0,"91,54,40",0,0,2.009,0,Playing in the leaves. ,"Towel, dog ",0,0,2.009,0,Bullying?,"Bat, purse",3-4 times per week,Everyday,,,,,,,
10/12/2020 16:37,10/12/2020 16:47,IP Address,73.198.119.23,100,577,TRUE,10/12/2020 16:47,R_2YeJrfHbgQcrAVP,,,,,40.69470215,-74.26879883,anonymous,EN,Female,23,College of Science and Health,I like to run and play ball with my dog.,"As a student, I am constantly studying at school for my test.","When a boy plays baseball, their clothes tend to get dirty.",I was going a party with friends across the tunnel which is why cars were going extremely slow.,"During the summer, I like to go to the beach and eat ice cream with my family before I go back to school.",My prom shopping was ruined by this one girl.,0,0,2.007,0,"3, 2, 0",0,0,1.645,0,"6, 1, 4",0,0,1.313,0,"4, 7, 6",0,0,2.007,0,"8, 24, 10",0,0,2.004,0,"11, 33, 18",0,0,2.008,0,"91, 55, 40",0,0,1.162,0,He is playing in the fallen leaves.,Towel dog,0,0,2.108,0,She is making fun of the girl in the yellow shirt.,Bat purse,1-2 times per week,1-2 times per week,,,,,,,
10/12/2020 16:57,10/12/2020 17:04,IP Address,96.234.36.155,100,441,TRUE,10/12/2020 17:04,R_3J44iznzypnCXZ2,,,,,40.91290283,-74.16269684,anonymous,EN,Female,21,College of Science and Health,My dog began to run when I threw the ball.,The student took a test at school.,The boy had dirty clothes after playing baseball. ,"After the party, my friends drove their cars through the tunnel as slow as they could.","In the summer I enjoy going to the beach with my family, talking about school and eating Icecream.",The school prom was ruined after the girl didn’t find a dress after shopping all day. ,0,0,2.012,0,"3, 2, 0",0,0,2.01,0,"6, 1, 4",0,0,2.009,0,"4, 7, 6",0,0,2.009,0,"8, 24, 10",0,0,2.009,0,"11, 33, 10",0,0,2.108,0,"91, 55, 40",0,0,2.11,0,He’s jumping in the pile of leaves ,"Towel, dog",0,0,2.11,0,She is laughing at someone who is falling ,"Bat, purse ",3-4 times per week,3-4 times per week,,,,,,,
10/12/2020 17:38,10/12/2020 17:43,IP Address,100.1.139.94,100,307,TRUE,10/12/2020 17:43,R_2Tt5b1ir6SdiSRy,,,,,40.9571991,-74.16040039,anonymous,EN,Female,21,College of Science and Health,The dog saw the ball and started to run,The student was at school and had to take a test,The boy got his clothes dirty from playing baseball,The cars with the friends from the party have to drive slow through the tunnel,The family does not have school during the summer so they went to the beach and got ice cream,The girl went prom dress shopping for school and spilled juice on it so it is now ruined,0,0,2.111,0,"3, 2, 0",0,0,2.01,0,"6, 1, 4",0,0,2.11,0,"4, 7, 6",0,0,1.811,0,"8, 24, 10",0,0,1.694,0,"11, 33, 18",0,0,2.009,0,"91, 54, 40",0,0,1.079,0,He is jumping in the leaves,Towel and dog,0,0,1.094,0,She’s enjoying this girl trip,Purse and bat,1-2 times per week,1-2 times per week,,,,,,,
10/12/2020 18:11,10/12/2020 18:17,IP Address,69.142.218.191,100,355,TRUE,10/12/2020 18:17,R_1K12mjBrLqhAa3H,,,,,40.31719971,-74.43039703,anonymous,EN,Female,22,College of Science and Health,The dog runs to the ball,The student tests at the school,The boy dirties his basketball clothes ,The friends drive cars slowly through the tunnel to the party ,The family eats ice cream at the beach during the summer after school,The school girl ruined prom shopping ,0,0,2.01,0,"3, 2 , 1",0,0,1.639,0,"6, 1, 4",0,0,0.987,0,"4, 7, 6",0,0,1.149,0,"8, 24, 10",0,0,1.663,0,"11, 33, 18",0,0,2.009,0,"91, 55, 40",0,0,1.492,0,He is jumping in the leaves. ,"Towel, dog",0,0,2.11,0,She is falling and has spaghetti on her. ,"Bat, purse",Everyday,Everyday,,,,,,,
10/12/2020 19:24,10/12/2020 19:30,IP Address,24.47.128.127,100,330,TRUE,10/12/2020 19:30,R_9SIyghUvd3oBBlf,,,,,40.39129639,-74.3246994,anonymous,EN,Female,21,College of Arts and Communication,The dog runs for the ball. ,The student hates school tests. ,The boy’s baseball clothes are dirty. ,My friends were late to my party because of the slow cars in the tunnel. ,My family likes to go to the beach in the summer to eat ice cream when school is out. ,The girl ruined school prom dress shopping for all her friends. ,0,0,2.147,0,"3,2,1",0,0,2.15,0,"6,1,4",0,0,2.147,0,"4,7,6",0,0,2.15,0,"8,24,10",0,0,2.048,0,"11,34,18",0,0,2.149,0,"91,55,40",0,0,1.193,0,He is playing in the leaves. ,Towel dog. ,0,0,1.2,0,She’s being rude laughing at the other girl falling. ,Bat purse ,1-2 times per week,1-2 times per week,,,,,,,
10/12/2020 20:27,10/12/2020 20:38,IP Address,71.104.34.160,100,712,TRUE,10/12/2020 20:38,R_yX81FN83DotrlAJ,,,,,40.59210205,-74.62380219,anonymous,EN,Female,21,College of Business,dogs run to get the ball,a student went to school to take a test ,the boy’s clothes got dirty from his baseball game ,my friend drove her car through a tunnel slowly to get to a party,"Now that school is over and it is summer vacation, my family and I went to the beach to get ice cream ","The girl went shopping for a prom dress for school, but it was ruined ",1.662,1.662,2.012,1,"3,2,0",0,0,2.01,0,"6,1,4",0,0,2.01,0,"4,7,6",0,0,2.009,0,"9,24,10",0,0,2.008,0,"11,33,18",0,0,2.109,0,"91,55,40",0,0,2.11,0,He is playing in the leaves ,"Towel, Dog ",0,0,2.129,0,she is laughing at the girl tripping and spilling food on her,"Bat, Purse ",Everyday,3-4 times per week,,,,,,,
10/12/2020 20:38,10/12/2020 20:45,IP Address,47.17.17.128,100,422,TRUE,10/12/2020 20:45,R_2Ppr1pkwjyOmZXh,,,,,40.94239807,-74.29519653,anonymous,EN,Female,21,College of Education,The dog ran to get the ball. ,The student took a test at school,Boys get dirty clothes when they play baseball. ,The friends drove their calls slowly through the tunnel to get to the party. ,When school is over and it is summer I go to the beach and get icecream with my family. ,"The girls school prom was ruined when she didn’t find the perfect dress, after shopping all year. ",0,0,2.113,0,"3,2,0",0,0,2.01,0,"6,1,4",0,0,2.01,0,"4,7,6",0,0,2.01,0,"8,24,10",0,0,2.11,0,"11,33,18",0,0,2.11,0,"91,55,40",0,0,2.009,0,He is playing in the leaves. ,"Towel, dog",0,0,2.109,0,She is laughing at the girl falling. ,"Bat, purse",Everyday,3-4 times per week,,,,,,,
10/13/2020 6:42,10/13/2020 6:47,IP Address,69.248.215.209,100,276,TRUE,10/13/2020 6:47,R_2c7VPANaCuK5IK4,,,,,40.75819397,-74.99140167,anonymous,EN,Female,20,College of Science and Health,The dog got a ball and then started to run.,The student took a test at school.,The clothes the boy wore were dirty after baseball ,The cars went slow through the tunnel on the way to a friends party,At the beach in the summer when school is over my family likes to eat ice cream ,The girl ruined her prom dress so she went shopping after school ,0,0,1.8,0,"5,4,2",0,0,0.958,0,"8,3,6",0,0,1.466,0,"6,9,8",0,0,1.852,0,"10,26,12",0,0,1.565,0,"13,35,20",0,0,2.011,0,"93,57,42",0,0,1.127,0,Playing in leaves,Towel and dog,0,0,0.835,0,Laughing at the girl falling,"Bat, purse",3-4 times per week,Everyday,,,,,,,
10/13/2020 8:33,10/13/2020 8:39,IP Address,24.187.121.133,100,354,TRUE,10/13/2020 8:39,R_zZmvYQ2veTEcpQR,,,,,40.87680054,-74.08670044,anonymous,EN,Female,21,College of Science and Health,The dog will run after the ball if i throw It,The students at my school failed this test,The boy got his clothes dirty from baseball ,My friends and i drove out cars through the tunnel very slow to get to the party ,I was At the beach getting ice cream with my family while in summer school,Prom was ruined for the girl after she missed school to go shopping ,0.926,2.091,2.107,2,3 0 0,0,0,2.008,0,6 1 4,0,0,2.01,0,4 7 6,0,0,2.008,0,8 24 10,0,0,2.108,0,11 33 18,0,0,2.009,0,91 55 40,0,0,2.009,0,Jumping,Towel dog,0,0,2.007,0,She’s being mean laughing at the girl falling,Bay purse,Never,Never,,,,,,,
10/13/2020 9:38,10/13/2020 9:45,IP Address,69.120.194.222,100,394,TRUE,10/13/2020 9:45,R_1kU4j2jmuDlx84L,,,,,40.94569397,-74.18260193,anonymous,EN,Female,21,College of Humanities and Social Science,The dog ran after the ball.,The student studied for their test at school.,The boy's clothes were dirty after baseball practice.,The cars in the tunnel moved slowly as the friends in the limo got ready for the party.,My family ate ice cream at the beach last summer before school started.,The girls' shopping trip was ruined right before the school prom.,0,0,2.118,0,"3, 2, 0",0,0,2.027,0,"6, 1, 4",0,0,2.015,0,"4, 7, 6",0,0,2.019,0,"8, 24, 10",0,0,2.124,0,"11, 33, 18",0,0,2.123,0,"91, 55, 40",0,0,2.111,0,He is jumping in a pile of leaves.,Towel dog,0,0,2.124,0,She is watching food fall on the girl in the yellow sweater.,bat purse,Everyday,Everyday,,,,,,,
10/13/2020 19:07,10/13/2020 19:15,IP Address,149.151.84.232,100,486,TRUE,10/13/2020 19:15,R_Uhcd9RqqL1xbtzH,,,,,40.94509888,-74.25309753,anonymous,EN,Female,20,College of Science and Health,the dog ran after the ball ,the student took a school test ,the boy got his clothes dirty playing basketball,"the friends drove slowly in a car, through a tunnel to a party",the family went to the beach and got ice cream while on school summer break,the girlruined the school prom by not going shopping ,0,0,2.007,0,"3, 2, 0",0,0,2.107,0,"6, 1, 4",0,0,2.007,0,"4, 7, 6",0,0,2.107,0,"8, 24, 10",0,0,2.005,0,"11, 33, 18",0,0,2.007,0,"91, 55, 40",0,0,2.006,0,jumping into the leaves,towel dog,0,0,2.106,0,laughing at the girl who spilled her food ,bat purse,1-2 times per week,1-2 times per week,,,,,,,
10/6/2020 20:00,10/6/2020 20:01,IP Address,47.18.25.2,2,15,FALSE,10/13/2020 20:01,R_TbybkL4OKPuq6pr,,,,,,,anonymous,EN,,,,,,,,,,,,,,,,,,,,,,,,,,,,,,,,,,,,,,,,,,,,,,,,,,,,,,,,,,,,
10/7/2020 8:30,10/7/2020 8:30,IP Address,81.4.176.226,2,39,FALSE,10/14/2020 8:30,R_10SlymrniACU3dD,,,,,,,anonymous,EN,,,,,,,,,,,,,,,,,,,,,,,,,,,,,,,,,,,,,,,,,,,,,,,,,,,,,,,,,,,,
10/7/2020 8:38,10/7/2020 8:38,IP Address,168.216.130.57,14,43,FALSE,10/14/2020 8:39,R_3PGFov566CDs5ZK,,,,,,,anonymous,EN,Female,23,College of Arts and Communication,The dog ran after the ball,,,,,,,,,,,,,,,,,,,,,,,,,,,,,,,,,,,,,,,,,,,,,,,,,,,,,,,,
10/7/2020 9:24,10/7/2020 9:24,IP Address,69.112.219.137,10,18,FALSE,10/14/2020 9:24,R_3EN2dQAbDoucyTh,,,,,,,anonymous,EN,Female,22,College of Science and Health,,,,,,,,,,,,,,,,,,,,,,,,,,,,,,,,,,,,,,,,,,,,,,,,,,,,,,,,,
10/7/2020 9:39,10/7/2020 9:40,IP Address,69.124.48.52,2,34,FALSE,10/14/2020 9:40,R_1DRTbjKFW9ZlTY5,,,,,,,anonymous,EN,,,,,,,,,,,,,,,,,,,,,,,,,,,,,,,,,,,,,,,,,,,,,,,,,,,,,,,,,,,,
10/7/2020 10:06,10/7/2020 10:07,IP Address,69.120.146.13,12,27,FALSE,10/14/2020 10:07,R_3njXL2Z3tR1tTbv,,,,,,,anonymous,EN,Male,21,College of Arts and Communication,,,,,,,,,,,,,,,,,,,,,,,,,,,,,,,,,,,,,,,,,,,,,,,,,,,,,,,,,
10/7/2020 11:18,10/7/2020 11:19,IP Address,68.193.210.217,2,30,FALSE,10/14/2020 11:19,R_25XZOVJa2RJDFkq,,,,,,,anonymous,EN,,,,,,,,,,,,,,,,,,,,,,,,,,,,,,,,,,,,,,,,,,,,,,,,,,,,,,,,,,,,
10/7/2020 15:03,10/7/2020 15:03,IP Address,128.0.246.52,2,53,FALSE,10/14/2020 15:04,R_b9lUpNonD4nqQGl,,,,,,,anonymous,EN,,,,,,,,,,,,,,,,,,,,,,,,,,,,,,,,,,,,,,,,,,,,,,,,,,,,,,,,,,,,
10/7/2020 18:08,10/7/2020 18:08,IP Address,108.50.171.171,2,16,FALSE,10/14/2020 18:08,R_2wice1Fz72vQPx4,,,,,,,anonymous,EN,,,,,,,,,,,,,,,,,,,,,,,,,,,,,,,,,,,,,,,,,,,,,,,,,,,,,,,,,,,,
10/7/2020 18:07,10/7/2020 18:11,IP Address,107.77.225.160,17,227,FALSE,10/14/2020 18:11,R_zcM9FZEx9ZRBrYR,,,,,,,anonymous,EN,Female,18,College of Humanities and Social Science,"I threw a ball to my dog, but he did not run to get it.",School tests really stress all of the students.,,,,,,,,,,,,,,,,,,,,,,,,,,,,,,,,,,,,,,,,,,,,,,,,,,,,,,,
10/15/2020 10:02,10/15/2020 10:07,IP Address,72.68.99.108,100,276,TRUE,10/15/2020 10:07,R_2wn6YmewBUKWk8i,,,,,40.59210205,-74.62380219,anonymous,EN,Male,20,College of Science and Health,The dog ran with a ball,The student hates tests at school,The boys clothes were dirty after basketball,After the friends party the cars went slow through the tunnel,My family went to the beach after school during the summer to eat ice cream,The girls school prom was ruined when she went shopping,0,0,2.155,0,"3,2,0",0,0,2.036,0,"6,1,4",0,0,2.033,0,"4,7,6",0,0,2.036,0,"8,24,10",0,0,2.036,0,"11,33,18",0,0,2.035,0,"91,55,40",0,0,2.035,0,Jumping into leaves,Towel dog,0,0,2.155,0,Laughing,Bat purse,1-2 times per week,1-2 times per week,,,,,,,
10/15/2020 10:09,10/15/2020 10:15,IP Address,47.17.96.168,100,368,TRUE,10/15/2020 10:15,R_2tngheMl0emYeT2,,,,,40.59210205,-74.62380219,anonymous,EN,Male,20,College of Business,The dog run to catch the ball,The student took a test at school,The boy had dirty clothes from playing baseball ,My friends drove their slow cars through the tunnel to get to the party ,Once my school ended my family went to get icecream at the beach this summer ,The girl at my school ruined prom by shopping at the wrong store ,0,0,2.012,0,"3, 2, 0",0,0,1.939,0,"7, 1, 4",0,0,2.11,0,"4,7,6",0,0,2.028,0,"8,24,10",0,0,2.021,0,"11,33,18",0,0,2.025,0,"91,55,40",0,0,1.779,0,He is jumping into a leaf pile to play in it.,Towel Dog,0,0,1.544,0,She looks like she is bullying the girl in the yellow sweater and laughing at her falling,Bat purse ,1-2 times per week,1-2 times per week,,,,,,,
10/15/2020 11:18,10/15/2020 11:22,IP Address,69.80.135.144,100,240,TRUE,10/15/2020 11:22,R_22nKEalfC8fwccm,,,,,40.44419861,-79.95570374,anonymous,EN,Male,20,College of Science and Health,The ball likes to run to the ball.,The student took a test at school.,The boy wore dirty clothes for baseball.,The friends like to party in the tunnel with slow cars.,The family goes to the beach in the summer for ice cream after school.,The girl went shopping even though her school prom was ruined.,0.057,1.241,2.009,2,"3,2,0",0,0,2.006,0,"6,1,3",0,0,2.008,0,"4,7,6",0,0,2.006,0,"8,24,10",0,0,2.107,0,"11,33,13",0,0,2.107,0,"91,55,40",0,0,2.106,0,He is playing in the leaves. ,towel and dog,0,0,2.107,0,She is laughing at the girl who dropped her lunch.,"bat, towel",3-4 times per week,1-2 times per week,,,,,,,
10/15/2020 12:08,10/15/2020 12:12,IP Address,107.77.161.63,100,218,TRUE,10/15/2020 12:12,R_AoYi9nzFOlfq6bL,,,,,42.4651947,-83.37129974,anonymous,EN,Male,20,College of Business,A dog had to run to get the ball.,The student went to school to fail the test. ,I wore dirty clothes because of playing baseball with my boy.,The car was so slow through the tunnel on the way to a party with friends.,I went to the beach once school ended with my family during the summer and we had ice cream.,This girl ruined my school prom with her expensive dress shopping.,0,0,2.112,0,"3, 1, 0",0,0,1.385,0,"6, 1, 4",0.768,0.768,0.8,1,"4, 7, 6",0,0,1.07,0,"8, 24, 10",0,0,1.224,0,"11, 33, 18",0,0,0.657,0,"91, 55, 40",0,0,0.607,0,Playing leaves.,"Towel, dog",0,0,0.911,0,It is getting ruined by pie.,"Bat, shirt",Never,Everyday,,,,,,,
10/15/2020 13:06,10/15/2020 13:12,IP Address,149.150.236.141,100,339,TRUE,10/15/2020 13:12,R_33vTwRIReEZup4R,,,,,40.74760437,-74.25990295,anonymous,EN,Male,20,College of Business,"She told the dog, “Run for the ball!”",The school dean told the student they failed the test.,The boy brought dirty clothes after his baseball game.,My friends in their cars drove through the tunnel to a party.,I went to the beach with my family after summer school and got ice cream.,The girl stopped shopping for her dress so it ruined her school prom.,0,0,2.013,0,"3, 2, 0",0,0,2.11,0,"6, 1, 4",0,0,2.109,0,"4, 7, 6",0,0,2.009,0,"8, 24, 10",0,0,2.11,0,"11, 33, 18",0,0,2.108,0,"91, 55, 40",0,0,2.109,0,Jumping in the leaves,Towel Dog,0,0,2.008,0,Watching someone fall,n/a,1-2 times per week,Never,,,,,,,
10/16/2020 15:28,10/16/2020 15:42,IP Address,67.85.228.108,100,850,TRUE,10/16/2020 15:42,R_6xK3vLBUEIlAwSJ,,,,,40.59210205,-74.62380219,anonymous,EN,Female,56,Working / Do Not Attend School,The dog is running to get the ball.,The student takes a test at school.,The boy's clothes are dirty after playing baseball.,"After leaving the party, my friends drove slowly through the tunnel.","At the end of the school year, my family and I love to spend the summer at the beach eating ice cream.",The girl went shopping for her school's prom but the weather ruined her day.,0,0,2.111,0,"3, 2, 0",0,0,2.01,0,"6, 1, 4",0,0,2.114,0,"4, 7, 6",0,0,2.113,0,"8, 24, 10",0,0,2.02,0," , , ,",0,0,2.015,0,"91, 55, 40",0,0,2.115,0,He is jumping in the leave pile.,towel boy,0,0,2.016,0,She is laughing and has her hands around her waist.,bat purse,Everyday,Everyday,,,,,,,
10/17/2020 10:54,10/17/2020 11:03,IP Address,151.198.32.248,100,539,TRUE,10/17/2020 11:03,R_27Eg3FSX82NIwJH,,,,,40.83180237,-74.1210022,anonymous,EN,Female,21,College of Science and Health,the dog runs to the ball,the student had a test in school ,Boy’s clothes get dirty playing baseball ,my friends drove their cars slow through the tunnel to the party ,during summer after school my family goes to the beach and gets ice cream ,the girl went shopping after school because prom was ruined ,0,0,2.11,0,"3, 2, 0",0,0,2.008,0,"6, 1, 4",0,0,2.109,0,"4, 7, 6",0,0,2.02,0,"8, 24, 10",0,0,2.008,0,"11, 33, 18",0,0,2.007,0,"91, 55, 40",0,0,2.008,0,he is jumping in the leaves ,towel dog ,0,0,2.108,0,she is laughing at the girl falling ,bat purse ,Everyday,3-4 times per week,,,,,,,
10/10/2020 13:38,10/10/2020 13:38,IP Address,128.0.246.52,10,14,FALSE,10/17/2020 13:39,R_1JV1peDUUjrNNk5,,,,,,,anonymous,EN,Male,22,College of Science and Health,,,,,,,,,,,,,,,,,,,,,,,,,,,,,,,,,,,,,,,,,,,,,,,,,,,,,,,,,
10/12/2020 14:24,10/12/2020 14:24,IP Address,47.18.25.2,2,8,FALSE,10/19/2020 14:24,R_1pSZVUsY6RVzCnV,,,,,,,anonymous,EN,,,,,,,,,,,,,,,,,,,,,,,,,,,,,,,,,,,,,,,,,,,,,,,,,,,,,,,,,,,,
10/12/2020 14:28,10/12/2020 14:28,IP Address,98.221.162.81,12,32,FALSE,10/19/2020 14:28,R_BFDl3jBCzRXVD3j,,,,,,,anonymous,EN,Male,22,College of Arts and Communication,,,,,,,,,,,,,,,,,,,,,,,,,,,,,,,,,,,,,,,,,,,,,,,,,,,,,,,,,
10/12/2020 14:27,10/12/2020 14:29,IP Address,107.77.223.53,19,129,FALSE,10/19/2020 14:30,R_2WP7lZoUGhd7buh,,,,,,,anonymous,EN,Female,22,College of Science and Health,The dog enjoys to run to his ball,The students had a test today at school,The boys clothes were very dirty after baseball ,,,,,,,,,,,,,,,,,,,,,,,,,,,,,,,,,,,,,,,,,,,,,,,,,,,,,,
10/12/2020 14:44,10/12/2020 14:46,IP Address,73.215.208.30,21,136,FALSE,10/19/2020 14:46,R_1Q00gzClwt5UYeV,,,,,,,anonymous,EN,Female,22,College of Education,I threw a ball to my dog and she had to run to get it ,The student was stressed and the test she had to take in school ,The boy was a baseball player abs his clothes got dirty at the game ,The cars are going slow through the tunnel so my friends and I are going to be late to the party ,,,,,,,,,,,,,,,,,,,,,,,,,,,,,,,,,,,,,,,,,,,,,,,,,,,,,
10/12/2020 15:11,10/12/2020 15:12,IP Address,73.33.135.243,2,45,FALSE,10/19/2020 15:12,R_3iPGLUir78zNxsZ,,,,,,,anonymous,EN,,,,,,,,,,,,,,,,,,,,,,,,,,,,,,,,,,,,,,,,,,,,,,,,,,,,,,,,,,,,
10/12/2020 15:43,10/12/2020 15:44,IP Address,24.188.206.138,10,111,FALSE,10/19/2020 15:44,R_r3FSvRoG2s6qOtj,,,,,,,anonymous,EN,Female,19,College of Humanities and Social Science,,,,,,,,,,,,,,,,,,,,,,,,,,,,,,,,,,,,,,,,,,,,,,,,,,,,,,,,,
10/12/2020 15:43,10/12/2020 15:48,IP Address,207.172.59.142,69,298,FALSE,10/19/2020 15:49,R_1IW9Ks8GYMRWgpm,,,,,,,anonymous,EN,Female,21,College of Science and Health,The dog runs after the ball. ,At school the student took a test. ,The boy’s clothes were dirty from his baseball game. ,On the way to the party my friends told me to drive slow through the tunnel. ,On the last day of school my family took me on a summer trip to the beach where we all ate ice cream. ,The girl went shopping for the school prom but the rain ruined it. ,1.023,1.023,2.011,1,"3,2,0",0,0,1.064,0,"6,1,4",0,0,0.623,0,"4,7,6",0,0,1.913,0,"8, 24,10",0,0,0.761,0,"11, 33, 18",0,0,2.009,0,,,,,,,,,,,,,,,,,,,,,,
10/12/2020 16:09,10/12/2020 16:11,IP Address,70.21.200.111,21,122,FALSE,10/19/2020 16:11,R_sNBmfWVIlXuW4qB,,,,,,,anonymous,EN,Female,23,College of Business,The dog will run to catch the ball,Schools test students on various subjects ,The boy got his clothes dirty playing baseball,There were so many slow cars in the tunnel that I was late for my friends’ party ,,,,,,,,,,,,,,,,,,,,,,,,,,,,,,,,,,,,,,,,,,,,,,,,,,,,,
10/12/2020 16:13,10/12/2020 16:14,IP Address,65.78.80.67,2,77,FALSE,10/19/2020 16:14,R_1jwUK2LIhFi64Jw,,,,,,,anonymous,EN,,,,,,,,,,,,,,,,,,,,,,,,,,,,,,,,,,,,,,,,,,,,,,,,,,,,,,,,,,,,
10/12/2020 16:17,10/12/2020 16:17,IP Address,174.225.7.167,2,14,FALSE,10/19/2020 16:18,R_V3HO05tURKSuTzH,,,,,,,anonymous,EN,,,,,,,,,,,,,,,,,,,,,,,,,,,,,,,,,,,,,,,,,,,,,,,,,,,,,,,,,,,,
10/12/2020 16:35,10/12/2020 16:36,IP Address,68.188.113.42,2,20,FALSE,10/19/2020 16:36,R_1hLPBaTYZgwBOkI,,,,,,,anonymous,EN,,,,,,,,,,,,,,,,,,,,,,,,,,,,,,,,,,,,,,,,,,,,,,,,,,,,,,,,,,,,
10/12/2020 16:43,10/12/2020 16:43,IP Address,47.17.99.201,2,10,FALSE,10/19/2020 16:44,R_stLd4CFmZVicyNH,,,,,,,anonymous,EN,,,,,,,,,,,,,,,,,,,,,,,,,,,,,,,,,,,,,,,,,,,,,,,,,,,,,,,,,,,,
10/12/2020 17:44,10/12/2020 17:44,IP Address,71.172.113.121,2,8,FALSE,10/19/2020 17:44,R_2QLsi8J54Nv68dQ,,,,,,,anonymous,EN,,,,,,,,,,,,,,,,,,,,,,,,,,,,,,,,,,,,,,,,,,,,,,,,,,,,,,,,,,,,
10/12/2020 17:51,10/12/2020 17:51,IP Address,99.203.119.26,2,5,FALSE,10/19/2020 17:52,R_2SGhlqXbPuJu5UH,,,,,,,anonymous,EN,,,,,,,,,,,,,,,,,,,,,,,,,,,,,,,,,,,,,,,,,,,,,,,,,,,,,,,,,,,,
10/12/2020 17:53,10/12/2020 17:53,IP Address,47.17.8.227,2,37,FALSE,10/19/2020 17:54,R_PUmhu56ol3wPHmF,,,,,,,anonymous,EN,,,,,,,,,,,,,,,,,,,,,,,,,,,,,,,,,,,,,,,,,,,,,,,,,,,,,,,,,,,,
10/12/2020 18:01,10/12/2020 18:01,IP Address,97.101.91.157,2,24,FALSE,10/19/2020 18:01,R_wZh4QDcYJLnnJaV,,,,,,,anonymous,EN,,,,,,,,,,,,,,,,,,,,,,,,,,,,,,,,,,,,,,,,,,,,,,,,,,,,,,,,,,,,
10/12/2020 18:21,10/12/2020 18:22,IP Address,68.194.76.242,2,35,FALSE,10/19/2020 18:22,R_2V9eCWSGPZwSHiP,,,,,,,anonymous,EN,,,,,,,,,,,,,,,,,,,,,,,,,,,,,,,,,,,,,,,,,,,,,,,,,,,,,,,,,,,,
10/12/2020 19:26,10/12/2020 19:27,IP Address,69.115.222.179,17,59,FALSE,10/19/2020 19:27,R_1P2i8neM1oYYkuo,,,,,,,anonymous,EN,Female,21,College of Education,The dog ran for the ball.,"At school, each student needs to take a test.",,,,,,,,,,,,,,,,,,,,,,,,,,,,,,,,,,,,,,,,,,,,,,,,,,,,,,,
10/12/2020 19:33,10/12/2020 19:34,IP Address,24.0.57.94,2,23,FALSE,10/19/2020 19:34,R_2zceM3NDbxTO1VY,,,,,,,anonymous,EN,,,,,,,,,,,,,,,,,,,,,,,,,,,,,,,,,,,,,,,,,,,,,,,,,,,,,,,,,,,,
10/12/2020 20:50,10/12/2020 20:52,IP Address,67.85.231.154,12,116,FALSE,10/19/2020 20:52,R_ywg5w39uKdgN4RP,,,,,,,anonymous,EN,Female,21,College of Science and Health,,,,,,,,,,,,,,,,,,,,,,,,,,,,,,,,,,,,,,,,,,,,,,,,,,,,,,,,,
10/13/2020 6:06,10/13/2020 6:08,IP Address,207.38.162.97,19,142,FALSE,10/20/2020 6:09,R_1pmRZlc6QjR7iGZ,,,,,,,anonymous,EN,Female,20,College of Science and Health,I threw a ball to make the dog run.,I am a student and today at school we have a test.,My boy plays baseball and his clothes are so dirty,,,,,,,,,,,,,,,,,,,,,,,,,,,,,,,,,,,,,,,,,,,,,,,,,,,,,,
10/13/2020 7:41,10/13/2020 7:42,IP Address,71.104.34.204,12,36,FALSE,10/20/2020 7:42,R_USdjp6hGB4LFfIB,,,,,,,anonymous,EN,Female,21,College of Humanities and Social Science,,,,,,,,,,,,,,,,,,,,,,,,,,,,,,,,,,,,,,,,,,,,,,,,,,,,,,,,,
10/13/2020 10:03,10/13/2020 10:05,IP Address,173.63.205.2,19,121,FALSE,10/20/2020 10:05,R_3oYq8ffAQ5JBnYG,,,,,,,anonymous,EN,Female,20,College of Science and Health,The dog will run with the ball,The student will take a test in school,The boy got his baseball clothes dirty during the game,,,,,,,,,,,,,,,,,,,,,,,,,,,,,,,,,,,,,,,,,,,,,,,,,,,,,,
10/15/2020 10:06,10/15/2020 10:07,IP Address,69.80.136.100,19,65,FALSE,10/22/2020 10:07,R_3rYZLJQOVz37YHu,,,,,,,anonymous,EN,Male,20,College of Science and Health,The dog likes to run with a ball.,The student took a test at school.,The boy came home from baseball with dirty clothes.,,,,,,,,,,,,,,,,,,,,,,,,,,,,,,,,,,,,,,,,,,,,,,,,,,,,,,
10/15/2020 10:19,10/15/2020 10:20,IP Address,64.189.45.149,19,78,FALSE,10/22/2020 10:20,R_2sPnNDorIzGmEUN,,,,,,,anonymous,EN,Male,20,College of Science and Health,The dog has the ball in the run.,The student had the test in the school.,The boy had dirty baseball clothes.,,,,,,,,,,,,,,,,,,,,,,,,,,,,,,,,,,,,,,,,,,,,,,,,,,,,,,
10/24/2020 3:02,10/24/2020 3:10,IP Address,81.4.176.226,100,446,TRUE,10/24/2020 3:10,R_ehXSTd6h4F0NwgV,,,,,35.0375061,33.98330688,anonymous,EN,Female,23,Working / Do Not Attend School,The dog would run towards the ball.,The student had a test in school today.,The boy's clothes were dirty from playing baseball all morning.,"My friends and I were driving in our cars to go to the party, but first we had to pass through the slow tunnel.","Once school ended and summer vacation began, my family would take us to the beach for ice cream.",The school girl's prom experience was ruined because she couldn't go shopping.,0,0,2.008,0,"3,2,0",0,0,2.107,0,"6,1,4",0,0,2.007,0,"4,7,6",0,0,2.108,0,"8,24,10",0,0,2.108,0,"11,33,18",0,0,2.007,0,"91,55,",0,0,2.007,0,He's playing with the leaves,towel dog,0,0,2.008,0,she is laughing at the girl who slipped,bat purse,1-2 times per week,3-4 times per week,,,,,,,
10/24/2020 9:34,10/24/2020 9:43,IP Address,65.51.79.82,100,575,TRUE,10/24/2020 9:43,R_OpazCKNkmdMXdSx,,,,,41.06170654,-74.00830078,anonymous,EN,Male,27,Working / Do Not Attend School,The dog runs with the ball,The student takes tests at school,The boy gets dirty clothes playing baseball,The friends drove slow cars in the tunnel to get to the party,"After school, the family eats ice cream at the beach in the summer",The school prom ruined the girl's shopping,0,0,2.116,0,"3,2,0",0,0,2.119,0,"6,1,4",0,0,2.023,0,"4,7,6",0,0,2.019,0,"8,24,10",0,0,2.04,0,"11,33,20",0,0,2.121,0,"91,55,40",0,0,2.013,0,He is jumping in the leaves,Towel dog,0,0,2.014,0,She is laughing at the other girl,Bat purse,Everyday,1-2 times per week,,,,,,,
10/26/2020 6:22,10/26/2020 6:34,IP Address,174.197.192.69,100,692,TRUE,10/26/2020 6:34,R_2Cgg42kJHNCA1ND,,,,,42.97160339,-76.22299957,anonymous,EN,Male,26,Working / Do Not Attend School,The dog runs to the ball.,The student's test was necessary for her admission to school.,The boy got his clothes dirty playing baseball.,They were late to a friend's party because of slow cars in the tunnel.,"This summer, while we were off from school, I went to the beach with my family and had ice cream.",The girl's school prom was ruined because she was not able to go shopping.,0,0,2.008,0,"3,2,1",0,0,2.008,0,"6,1,4",0,0,2.01,0,"4,7,6",0,0,2.107,0,"8,24,10",0,0,2.107,0,"11,33,18",0,0,2.008,0,"91,55,42",0,0,2.106,0,Jumping into a pile of leaves,"Towel, Dog",0,0,2.009,0,Bullying the girl in yellow,Bat,Never,3-4 times per week,,,,,,,
10/26/2020 7:14,10/26/2020 8:23,IP Address,96.246.26.253,100,4156,TRUE,10/26/2020 8:23,R_23fWV0sl4K5n8VH,,,,,40.61149597,-74.01560211,anonymous,EN,Male,28,Working / Do Not Attend School,The dog likes to run after the ball.,The students were given a test at school.,Dirty boys don't wear clothes when playing baseball.,"I drove my car through the tunnel to get to a friend's party, but the traffic was slow.",I never think of school when I'm enjoying ice cream with my family at the beach during the summer.,The girl's day was ruined because the dress she was shopping for was unavailable for the school prom.,1.639,1.639,2.125,1,"3, 2, 0",0,0,2.02,0,"6, 1, 4",0,0,2.018,0,"4, 7, 6",0,0,2.02,0,"8, 24, 10",0,0,2.018,0,"11, 33, 18",0,0,2.113,0,"91, 55, 40",0,0,2.017,0,He is quietly sitting with a pumpkin in some leaves whole his sister is about to hit him with a rake.,Towel Dog,0,0,1.94,0,She is pleased with herself that she ruined a nice Italian's lunch.,Bat Purse,3-4 times per week,1-2 times per week,,,,,,,
10/29/2020 18:18,10/29/2020 18:34,IP Address,172.58.231.10,100,968,TRUE,10/29/2020 18:34,R_1rlAHVCwmq5Nll7,,,,,40.85470581,-73.92179871,anonymous,EN,Female,41,Working / Do Not Attend School,The dog runs after the ball ,The student took a test in school ,The boy played baseball in dirty clothes ,There were slow cars in the tunnel on my way to my friends' party ,"After summer school, my family and I had ice cream at the beach. ","The girl went shopping for her school prom, but the day was ruined when it rained. ",0,0,2.009,0,"3, 2, 0",0,0,2.012,0,"6, 1, 4",0,0,1.371,0,"4, 7, 6",0,0,1.764,0,"8, 24, 10",0,0,1.688,0,"11, 33, 18",0,0,2.012,0,"91, 55, 70",0,0,2.01,0,He's jumping in the leaves ,Towel dog ,0,0,1.06,0,She's laughing at the girl who fell ,Bat purse ,Everyday,Everyday,,,,,,,
10/30/2020 5:16,10/30/2020 5:22,IP Address,98.14.199.1,100,365,TRUE,10/30/2020 5:22,R_2Ev2V7cYNcI6CSP,,,,,40.78230286,-73.77760315,anonymous,EN,Female,39,Working / Do Not Attend School,The dog plays with the ball while running,Students are taking tests at school,The boy got his clothes dirty by playing baseball ,My friends drove slowly through the tunnel to get to the party,School ended for the summer and my family went to the beach and got ice cream.,The girl from school went shopping for prom dress but the store was closed and that ruined her day,0,0,2.111,0,"3,2,0",0,0,2.01,0,"6,1,4",0,0,2.011,0,"4,7,6",0,0,2.111,0,"8,24,10",0,0,2.008,0,"11,33,18",0,0,2.01,0,"91,55,40",0,0,2.008,0,He is playing with the leaves on the floor,Towel and dog,0,0,2.108,0,She is laughing at the girl who fell on the floor,Bat and purse,Everyday,Everyday,,,,,,,
10/30/2020 10:27,10/30/2020 10:40,IP Address,47.20.168.216,100,831,TRUE,10/30/2020 10:40,R_2lXBSqvPvYklOlX,,,,,41.22779846,-73.99700165,anonymous,EN,Female,62,Working / Do Not Attend School,My dog will surely run after the ball if you throw it across the yard.,The student was given a test at school.,It is a guarantee that the boys clothes will get dirty after playing baseball.,The friends had to drive their cars slow through the tunnel to get to the party.,When school is out for the summer the family heads to the beach and ice cream is most definitely on the menu.,After shopping for her prom dress the school girl ruined her credit.,0,0,2.014,0,"3, 2,1",0,0,2.11,0,"6,1,4",0,0,2.009,0,"4,7,6",0,0,2.01,0,"8,24,10",0,0,2.11,0,"11,33,18",0,0,2.109,0,"91,55,40",0,0,2.109,0,He is Jumping in the leaves,Towel and dog,0,0,2.011,0,She is laughing at someone else’s misfortune.,Bat and purse ,Everyday,Everyday,,,,,,,
10/30/2020 13:17,10/30/2020 13:29,IP Address,73.226.158.50,100,726,TRUE,10/30/2020 13:29,R_3G1XRvtpWIUwIH4,,,,,40.84590149,-74.20089722,anonymous,EN,Female,39,Working / Do Not Attend School,I ran with the dog's ball.,The student tested at the school.,The boy's clothes and baseball were dirty.,We partied in my friend's car in the slow tunnel.,"The summer is for family, beach and ice cream, not for school.",The school prom ruined shopping for the girl.,0,0,2.025,0,"3,2,0",0,0,2.111,0,"6,1,4",0,0,2.016,0,"4,7,6",0,0,2.113,0,"8,24,10",0,0,2.017,0,"11,33,18",0,0,2.018,0,"91,55,40",0,0,2.014,0,Playing in the leaves,Towel dog,0,0,2.017,0,She's laughing ,"Bat, purse",1-2 times per week,Never,,,,,,,
10/30/2020 10:26,10/30/2020 16:35,IP Address,100.8.0.225,100,22161,TRUE,10/30/2020 16:35,R_3kHZaGNceqVuFFf,,,,,40.65750122,-74.30940247,anonymous,EN,Female,30,Working / Do Not Attend School,The dog runs after the ball.,The student is taking his school test.,The boy's clothes are dirty from baseball.,The cars are moving slowly in the tunnel as friends head to a party.,"After school in the summer, my family eats ice cream at the beach.",The girl's shopping trip ruined the school prom.,0,0,2.115,0,"3,2,0",0,0,2.016,0,"6,1,4",0,0,2.117,0,"4,7,6",0,0,2.016,0,"8,24,10",0,0,2.017,0,"11,33,18",0,0,2.116,0,"91,51,45",0,0,2.017,0,He is jumping in the leaves.,Towel dog,0,0,2.02,0,She is watching another girl slip.,Bat purse,Everyday,Everyday,,,,,,,
10/31/2020 4:24,10/31/2020 4:34,IP Address,72.79.50.148,100,609,TRUE,10/31/2020 4:34,R_3OlGvjBwz2pgc1w,,,,,40.73550415,-74.32530212,anonymous,EN,Male,32,Working / Do Not Attend School,The dog had to run after the ball,The school had to issue a test to each student to see what school level they were at,Everyone knows that a boys clothes get dirty playing baseball,Our friends were late to the party due to slow traffic in the tunnel right where all the cars had to merge,"Now that school is over for the summer, I am looking forward to a few months filled with beach, family, and ice cream!","The girl thought her prom night was ruined with the rain, but the school did some shopping and brought the outdoor event inside",0,0,2.112,0,"3,2,0",0,0,2.011,0,"6,1,4",0,0,2.113,0,"4,7,6",0,0,2.009,0,"8,24,10",0,0,2.11,0,"11,33,18",0,0,2.116,0,"91.55,40",0,0,2.009,0,Jumping in leaves,Towel dog,0,0,2.134,0,Laughing,Bat purse,Never,Everyday,,,,,,,
10/31/2020 4:45,10/31/2020 4:50,IP Address,72.79.50.148,100,310,TRUE,10/31/2020 4:50,R_Rh8qFrzCwSnLMyZ,,,,,40.73550415,-74.32530212,anonymous,EN,Female,32,Working / Do Not Attend School,The dog runs after the ball,The student took a test at school,The boy got his clothes dirty at baseball,My friends cars drove slow through the tunnel so we were late to the party,"I went I the beach with my family after school this summer, and we got icecream. ",The school prom was ruined after the girl couldn’t go shopping ,0,0,2.009,0,"3, 2, 0",0,0,2.007,0,"6, 2, 4",0,0,2.007,0,   1 3,0,0,2.008,0,"8, 24, 10",0,0,2.008,0,"11, 33, 18",0,0,2.007,0,"91, 55, ",0,0,2.008,0,Plying leaves ,Towel dog ,0,0,2.008,0,Laughing,Bat purse ,Everyday,Everyday,,,,,,,
10/31/2020 4:42,10/31/2020 5:04,IP Address,69.142.13.221,100,1320,TRUE,10/31/2020 5:04,R_3fU01eMScBQm1MU,,,,,40.08810425,-74.11949921,anonymous,EN,Male,27,Working / Do Not Attend School,My dog loves to run after the ball,"When i was a school student, i did not enjoy test taking ","When i was a young boy, i always came hole with dirty clothes from playing baseball","My friends and i sat in slow, tunnel traffic in our cars on our way to the party  ","No summer school means more time for family vacation at the beach, and ice cream","So high-school prom isn’t ruined, we went shopping to find the perfect dress",0,0,2.01,0,"3,2,0",0,0,2.007,0,"6,1,4",0,0,2.007,0,"4,7,6",0,0,2.009,0,"8,24,10",0,0,2.008,0,"11,33,18",0,0,2.106,0,"91,55,40",0,0,2.009,0,He is happy,"Towel, dog ",0,0,2.008,0,She’s being cruel and mean,"Bat, purse",1-2 times per week,Never,,,,,,,
11/1/2020 20:12,11/1/2020 20:31,IP Address,67.251.196.37,100,1133,TRUE,11/1/2020 20:31,R_3lG5I5HNo7QEvci,,,,,40.65370178,-73.99900055,anonymous,EN,Male,63,Working / Do Not Attend School,The dog will run for the ball,The students at that school test positive,Having a boy includes baseball and dirty clothes,A ride slow ride through the tunnel with friends started a party in the ride’s cars,The beach family vacation included ice cream and did not include summer school,Shopping with my girl for the school prom ruined my day,0,0,2.111,0,"3  , ,",0,0,2.009,0,"6,1,4",0,0,2.01,0,"4,7,6",0,0,2.011,0,"8,24,10",0,0,2.11,0,"11,33,18",0,0,2.01,0,"91,55,",0,0,2.11,0,He is raising his hands,Towel  dog,0,0,2.008,0,Laughing at her friend,Bat purse,Everyday,1-2 times per week,,,,,,,
10/26/2020 6:26,10/26/2020 6:26,IP Address,174.197.192.69,2,9,FALSE,11/2/2020 5:26,R_1LbCk0KY55xacTz,,,,,,,anonymous,EN,,,,,,,,,,,,,,,,,,,,,,,,,,,,,,,,,,,,,,,,,,,,,,,,,,,,,,,,,,,,
10/26/2020 6:26,10/26/2020 6:26,IP Address,174.197.192.69,10,26,FALSE,11/2/2020 5:27,R_3lxC7LDbtzFq4Vo,,,,,,,anonymous,EN,Male,26,Working / Do Not Attend School,,,,,,,,,,,,,,,,,,,,,,,,,,,,,,,,,,,,,,,,,,,,,,,,,,,,,,,,,
10/26/2020 7:08,10/26/2020 7:13,IP Address,96.246.26.253,17,281,FALSE,11/2/2020 6:13,R_27gnMIC95fvtCSD,,,,,,,anonymous,EN,Male,28,Working / Do Not Attend School,The dog likes to run with the ball.,The teacher gave the students a test.,,,,,,,,,,,,,,,,,,,,,,,,,,,,,,,,,,,,,,,,,,,,,,,,,,,,,,,
10/26/2020 7:15,10/26/2020 7:15,IP Address,174.225.9.51,12,45,FALSE,11/2/2020 6:16,R_r3gk7ey2gDIdBi9,,,,,,,anonymous,EN,Male,26,Working / Do Not Attend School,,,,,,,,,,,,,,,,,,,,,,,,,,,,,,,,,,,,,,,,,,,,,,,,,,,,,,,,,
11/2/2020 7:50,11/2/2020 8:02,IP Address,47.17.11.47,100,716,TRUE,11/2/2020 8:02,R_2yeXuaW01P8HF07,,,,,40.59399414,-74.56439972,anonymous,EN,Male,60,Working / Do Not Attend School,The dog runs with the ball in its mouth,The student is taking a test in the school,The boy dirtied his clothes playing baseball,The cars in the tunnel bottlenecked preventing the friends from getting to the party,Whenever school ended for the summer my family want to the beach and ate ice cream,The girl's prom was ruined because she did not go shopping for a prom dress,0,0,2.006,0,"3,2,0",0,0,2.007,0,"6,1,4",0,0,2.108,0,"4,7,6",0,0,2.008,0,"8,23,10",0,0,2.108,0,"11,33,18",0,0,2.007,0,"91,55,40",0,0,2.008,0,"Jumping in the leaves
","towel, dog",0,0,2.007,0,She is smirking at the girl slipping," bat, purse",Everyday,Everyday,,,,,,,
10/26/2020 11:10,10/26/2020 11:12,IP Address,72.79.17.222,12,153,FALSE,11/2/2020 10:12,R_0kSlctzfLvtMGBz,,,,,,,anonymous,EN,Male,26,Working / Do Not Attend School,,,,,,,,,,,,,,,,,,,,,,,,,,,,,,,,,,,,,,,,,,,,,,,,,,,,,,,,,
11/3/2020 10:45,11/3/2020 10:55,IP Address,71.172.113.121,100,594,TRUE,11/3/2020 10:55,R_29bkzCx9D3RdOVY,,,,,40.58590698,-74.68319702,anonymous,EN,Female,19,College of Science and Health,"Dog, run to the ball.",The student's test was at school.,The boy got his clothes dirty at baseball.,The friends' car party was slow at the tunnel.,The summer school went to the family's beach for ice cream.,The school's prom was ruined when the girl went shopping,0,0,2.125,0,"3,2,1",0,0,2.009,0,"6,1,4",0,0,2.007,0,"4,7,6",0,0,2.007,0,"8,24, 10",0,0,2.107,0,"11,33,18",0,0,2.012,0,"91,55,40",0,0,2.114,0,He's jumping into a pile of leaves.,towel dog,0,0,2.114,0,She's laughing at the girl that fell,bat purse,1-2 times per week,1-2 times per week,,,,,,,
11/3/2020 11:48,11/3/2020 11:56,IP Address,174.225.13.254,100,495,TRUE,11/3/2020 11:56,R_24BFVUTcOPkNmmu,,,,,40.80220032,-74.19139862,anonymous,EN,Female,35,Working / Do Not Attend School,The dog runs after the ball.,Student takes a test in school,The boy has dirty clothes after baseball.,The friends drove their cars slow through the tunnel to get to the party.,"Once school is done for summer, my family go to the beach and have ice cream.",The girl ruined the school prom because she didnt get to go shopping.,0,0,2.116,0,"3,2,0",0,0,2.012,0,"6,2,4",0,0,2.011,0,"4,7,6",0,0,2.106,0,"8,24,10",0,0,2.007,0,"11,33, 18",0,0,2.007,0,"91, 55, 40",0,0,2.01,0,Jumping in the leaves.,Towel dog,0,0,2.108,0,Watching the girl trip and slip with her lunch tray.,Bat purse,3-4 times per week,1-2 times per week,,,,,,,
11/3/2020 12:09,11/3/2020 12:19,IP Address,216.6.145.89,100,592,TRUE,11/3/2020 12:19,R_ba9uhyWV5e4Lwhb,,,,,41.18200684,-74.4552002,anonymous,EN,Male,31,Working / Do Not Attend School,I love watching my dog run as he chases the ball.,"During a school test, the student is expected to remain silent.",The baseball game always leave my boy’s clothes dirty.,"During the party with my friends, I saw the cars drive slow through the tunnel.","Summer school is only fun at the beach, with family, eating ice cream.",Shopping for the prom ruined my school girl image.,0,0,2.112,0,"3,2,0",0,0,2.008,0,"6,1,4",0,0,2.008,0,"4,7,6",0,0,2.109,0,"8,24,10",0,0,2.008,0,"11,23,18",0,0,2.108,0,"91,41,18",0,0,2.109,0,Playing in leaves,Towel dog,0,0,2.108,0,Making fun.,"Bat, purse",Everyday,Everyday,,,,,,,
11/3/2020 12:10,11/3/2020 12:26,IP Address,213.7.54.91,100,978,TRUE,11/3/2020 12:26,R_3PRIADTVhBR8mcG,,,,,34.68739319,33.03660583,anonymous,EN,Female,25,Working / Do Not Attend School,The dog run to the ball,The student took a test at school,The boy's clothes got dirty playing baseball ,The friends had a party and drove cars through the tunnel slow,During summer schools are closed and the family will go to the beach to eat ice cream,The girl went shopping for her school prom but it was ruined ,0,0,2.116,0,"3,2,0",0,0,2.113,0,"6,1,4",0,0,2.012,0,"4,7,6",0,0,2.012,0,"8,24,10",0,0,2.11,0,"11,33,18",0,0,2.012,0,"91,55,40",0,0,2.113,0,Playing with the leaves ,Towel Dog,0,0,2.009,0,She is laughing ,Bat Purse,Everyday,Everyday,,,,,,,
11/3/2020 12:34,11/3/2020 12:41,IP Address,67.82.65.127,100,438,TRUE,11/3/2020 12:41,R_2D8iwuIztbXwA56,,,,,40.24150085,-74.70130157,anonymous,EN,Female,35,Working / Do Not Attend School,"Run, dog- get the ball. ",At school the student takes a test.,The boy got his clothes dirty playing baseball. ,Some friends took the tunnel to a party but the traffic and cars were slow. ,"Now that school is done for the year, the family went to the beach for the summer and ate ice cream. ",The pandemic ruined prom since school was closed so the girl went shopping. ,0,0,2.108,0,"3, 2, 0",0,0,2.013,0,"6, 1, 4",0,0,2.013,0,"4, 7, 6",0,0,2.011,0,"8, 24, 10",0,0,2.009,0,"11, 33, 18",0,0,2.111,0,"91, , ",0,0,2.11,0,Playing in the leaves. ,"Towel, dog",0,0,1.262,0,"She's laughing at the girl falling. 
","Bat, purse",Everyday,1-2 times per week,,,,,,,
11/3/2020 12:27,11/3/2020 12:54,IP Address,213.7.54.91,100,1602,TRUE,11/3/2020 12:54,R_W6S8tn5BwNFCT7z,,,,,34.68739319,33.03660583,anonymous,EN,Female,51,Working / Do Not Attend School,The dogs run for the ball.,The students take the test at school.,"At baseball, the boy's clothes got dirty.",Friends drove slow by car through the tunnel to the party.,During the summer schools are out and the family goes to the beach for ice cream.,The school girl went shopping for the ruined dress. ,0,0,2.02,0,"3, 2, 0",0,0,2.116,0,"6, 1, 4",0,0,2.016,0,"4, 7, 6",0,0,2.02,0,"8, 24, 10",0,0,2.116,0,"11, 33, 18",0,0,2.014,0,"91, 55, 40",0,0,2.015,0,playing,Towel Dog,0,0,2.12,0,laughing,Bat Purse,Everyday,Everyday,,,,,,,
11/3/2020 12:44,11/3/2020 12:56,IP Address,73.80.49.237,100,687,TRUE,11/3/2020 12:56,R_2UWWb5jEvWNUszq,,,,,40.61990356,-74.31109619,anonymous,EN,Female,26,Working / Do Not Attend School,Dog runs for the ball.,The students test at school.,The boy has dirty clothes from baseball.,The tunnel slows friends cars to the party.,The family has ice cream at the beach after school,It ruined shopping for the girls school prom,0,0,2.117,0,"3, 2, 0",0,0,2.011,0,"6, 1, 4",0,0,2.124,0,"4, 7, 6",0,0,2.11,0,"8, 24, 10",0,0,2.012,0,"11, 33, 18",0,0,2.021,0,"91, 55, 40",0,0,2.113,0,Jumping in the leaves,towel dog,0,0,2.01,0,Making fun of the falling girl,Bat purse,3-4 times per week,Everyday,,,,,,,
11/3/2020 15:37,11/3/2020 15:43,IP Address,69.125.178.80,100,380,TRUE,11/3/2020 15:43,R_241Sc9BCARgHpmR,,,,,41.01289368,-73.75589752,anonymous,EN,Female,38,Working / Do Not Attend School,The dog runs after the ball.,The student took a test at school.,The boy’s clothes became dirty after playing baseball.,The cars drove very slowly through the tunnel towards the friends’ party,"When school is out for the summer, our family goes to the beach and eats ice cream.",The school prom was ruined for the girl who forgot to go shopping for a dress,0,0,2.01,0,"3,2,0",0,0,2.009,0,"6,1,4",0,0,2.008,0,"4,7,6",0,0,2.01,0,"8,24,10",0,0,2.014,0,"11,33,18",0,0,2.01,0,"91,55,40",0,0,2.108,0,He’s playing in the leaves,Towel dog,0,0,2.007,0,She’s laughing at the girl who slipped,Bat purse,Everyday,Everyday,,,,,,,
11/3/2020 19:26,11/3/2020 19:41,IP Address,108.5.54.11,100,888,TRUE,11/3/2020 19:41,R_3GrKZPgrCGxp8R7,,,,,40.64959717,-74.35050201,anonymous,EN,Female,35,Working / Do Not Attend School,The dog ran to the ball,The student in school had a test,The boys clothes are dirty from baseball,The friends on the way to the party were in the tunnel behind slow cars,After school the family enjoys summer with ice cream at the beach ,The girls school prom was ruined when she went shopping,0,0,2.013,0,"3,2,0",0,0,2.011,0,"6,1,4",0,0,2.011,0,"4,7,6",0,0,2.012,0,"8,24,10",0,0,2.014,0,"11,33,18",0,0,2.112,0,"91,55,40",0,0,2.01,0,Jumping into the leaves,Towel dog,0,0,2.01,0,Looking at the girl falling,Bat purse,Never,Never,,,,,,,
